ISO-10303-21;
HEADER;
FILE_DESCRIPTION((''),'2;1');
FILE_NAME('PRT0001','2025-08-17T21:42:36',('Nelly'),(''),
'CREO PARAMETRIC BY PTC INC, 2023073','CREO PARAMETRIC BY PTC INC, 2023073','');
FILE_SCHEMA((
'AP242_MANAGED_MODEL_BASED_3D_ENGINEERING_MIM_LF { 1 0 10303 442 1 1 4 }'));
ENDSEC;
DATA;
#21=CARTESIAN_POINT('',(0.E0,0.E0,0.E0));
#22=DIRECTION('',(0.E0,1.E0,0.E0));
#23=DIRECTION('',(0.E0,0.E0,1.E0));
#24=AXIS2_PLACEMENT_3D('',#21,#22,#23);
#26=CARTESIAN_POINT('',(0.E0,0.E0,0.E0));
#27=DIRECTION('',(0.E0,1.E0,0.E0));
#28=DIRECTION('',(0.E0,0.E0,-1.E0));
#29=AXIS2_PLACEMENT_3D('',#26,#27,#28);
#31=CARTESIAN_POINT('',(2.1E1,0.E0,-2.1E1));
#32=DIRECTION('',(0.E0,1.E0,0.E0));
#33=DIRECTION('',(-1.E0,0.E0,0.E0));
#34=AXIS2_PLACEMENT_3D('',#31,#32,#33);
#36=CARTESIAN_POINT('',(2.1E1,0.E0,-2.1E1));
#37=DIRECTION('',(0.E0,1.E0,0.E0));
#38=DIRECTION('',(1.E0,0.E0,0.E0));
#39=AXIS2_PLACEMENT_3D('',#36,#37,#38);
#41=CARTESIAN_POINT('',(2.1E1,0.E0,2.1E1));
#42=DIRECTION('',(0.E0,1.E0,0.E0));
#43=DIRECTION('',(-1.E0,0.E0,0.E0));
#44=AXIS2_PLACEMENT_3D('',#41,#42,#43);
#46=CARTESIAN_POINT('',(2.1E1,0.E0,2.1E1));
#47=DIRECTION('',(0.E0,1.E0,0.E0));
#48=DIRECTION('',(1.E0,0.E0,0.E0));
#49=AXIS2_PLACEMENT_3D('',#46,#47,#48);
#51=CARTESIAN_POINT('',(-2.1E1,0.E0,2.1E1));
#52=DIRECTION('',(0.E0,1.E0,0.E0));
#53=DIRECTION('',(-1.E0,0.E0,0.E0));
#54=AXIS2_PLACEMENT_3D('',#51,#52,#53);
#56=CARTESIAN_POINT('',(-2.1E1,0.E0,2.1E1));
#57=DIRECTION('',(0.E0,1.E0,0.E0));
#58=DIRECTION('',(1.E0,0.E0,0.E0));
#59=AXIS2_PLACEMENT_3D('',#56,#57,#58);
#61=CARTESIAN_POINT('',(-2.1E1,0.E0,-2.1E1));
#62=DIRECTION('',(0.E0,1.E0,0.E0));
#63=DIRECTION('',(-1.E0,0.E0,0.E0));
#64=AXIS2_PLACEMENT_3D('',#61,#62,#63);
#66=CARTESIAN_POINT('',(-2.1E1,0.E0,-2.1E1));
#67=DIRECTION('',(0.E0,1.E0,0.E0));
#68=DIRECTION('',(1.E0,0.E0,0.E0));
#69=AXIS2_PLACEMENT_3D('',#66,#67,#68);
#71=CARTESIAN_POINT('',(0.E0,-4.E0,0.E0));
#72=DIRECTION('',(0.E0,-1.E0,0.E0));
#73=DIRECTION('',(0.E0,0.E0,-1.E0));
#74=AXIS2_PLACEMENT_3D('',#71,#72,#73);
#76=DIRECTION('',(1.149994434638E-13,-1.E0,0.E0));
#77=VECTOR('',#76,4.E0);
#78=CARTESIAN_POINT('',(0.E0,0.E0,3.8E1));
#79=LINE('1865',#78,#77);
#80=CARTESIAN_POINT('',(-3.755357136370E-12,-4.E0,-3.7E1));
#81=DIRECTION('',(1.E0,0.E0,-1.014952011325E-13));
#82=DIRECTION('',(0.E0,-1.E0,0.E0));
#83=AXIS2_PLACEMENT_3D('',#80,#81,#82);
#85=CARTESIAN_POINT('',(2.1E1,-5.E0,-2.1E1));
#86=DIRECTION('',(0.E0,1.E0,0.E0));
#87=DIRECTION('',(-1.E0,0.E0,0.E0));
#88=AXIS2_PLACEMENT_3D('',#85,#86,#87);
#90=CARTESIAN_POINT('',(2.1E1,-5.E0,-2.1E1));
#91=DIRECTION('',(0.E0,1.E0,0.E0));
#92=DIRECTION('',(1.E0,0.E0,0.E0));
#93=AXIS2_PLACEMENT_3D('',#90,#91,#92);
#95=CARTESIAN_POINT('',(2.1E1,-5.E0,2.1E1));
#96=DIRECTION('',(0.E0,1.E0,0.E0));
#97=DIRECTION('',(-1.E0,0.E0,0.E0));
#98=AXIS2_PLACEMENT_3D('',#95,#96,#97);
#100=CARTESIAN_POINT('',(2.1E1,-5.E0,2.1E1));
#101=DIRECTION('',(0.E0,1.E0,0.E0));
#102=DIRECTION('',(1.E0,0.E0,0.E0));
#103=AXIS2_PLACEMENT_3D('',#100,#101,#102);
#105=CARTESIAN_POINT('',(-2.1E1,-5.E0,2.1E1));
#106=DIRECTION('',(0.E0,1.E0,0.E0));
#107=DIRECTION('',(-1.E0,0.E0,0.E0));
#108=AXIS2_PLACEMENT_3D('',#105,#106,#107);
#110=CARTESIAN_POINT('',(-2.1E1,-5.E0,2.1E1));
#111=DIRECTION('',(0.E0,1.E0,0.E0));
#112=DIRECTION('',(1.E0,0.E0,0.E0));
#113=AXIS2_PLACEMENT_3D('',#110,#111,#112);
#115=CARTESIAN_POINT('',(-2.1E1,-5.E0,-2.1E1));
#116=DIRECTION('',(0.E0,1.E0,0.E0));
#117=DIRECTION('',(-1.E0,0.E0,0.E0));
#118=AXIS2_PLACEMENT_3D('',#115,#116,#117);
#120=CARTESIAN_POINT('',(-2.1E1,-5.E0,-2.1E1));
#121=DIRECTION('',(0.E0,1.E0,0.E0));
#122=DIRECTION('',(1.E0,0.E0,0.E0));
#123=AXIS2_PLACEMENT_3D('',#120,#121,#122);
#125=CARTESIAN_POINT('',(-2.7E1,-5.E0,1.1E1));
#126=DIRECTION('',(0.E0,-1.E0,0.E0));
#127=DIRECTION('',(0.E0,0.E0,1.E0));
#128=AXIS2_PLACEMENT_3D('',#125,#126,#127);
#130=DIRECTION('',(0.E0,0.E0,-1.E0));
#131=VECTOR('',#130,2.200000000099E1);
#132=CARTESIAN_POINT('',(-2.899999999998E1,-5.E0,1.100000000049E1));
#133=LINE('1814',#132,#131);
#134=CARTESIAN_POINT('',(-2.7E1,-5.E0,-1.1E1));
#135=DIRECTION('',(0.E0,-1.E0,0.E0));
#136=DIRECTION('',(-1.E0,0.E0,0.E0));
#137=AXIS2_PLACEMENT_3D('',#134,#135,#136);
#139=DIRECTION('',(1.E0,0.E0,0.E0));
#140=VECTOR('',#139,5.400000000255E1);
#141=CARTESIAN_POINT('',(-2.700000000128E1,-5.E0,-1.299999999962E1));
#142=LINE('1818',#141,#140);
#143=CARTESIAN_POINT('',(2.7E1,-5.E0,-1.1E1));
#144=DIRECTION('',(0.E0,-1.E0,0.E0));
#145=DIRECTION('',(0.E0,0.E0,-1.E0));
#146=AXIS2_PLACEMENT_3D('',#143,#144,#145);
#148=DIRECTION('',(0.E0,0.E0,1.E0));
#149=VECTOR('',#148,2.200000000099E1);
#150=CARTESIAN_POINT('',(2.899999999998E1,-5.E0,-1.100000000049E1));
#151=LINE('1822',#150,#149);
#152=CARTESIAN_POINT('',(2.7E1,-5.E0,1.1E1));
#153=DIRECTION('',(0.E0,-1.E0,0.E0));
#154=DIRECTION('',(1.E0,0.E0,0.E0));
#155=AXIS2_PLACEMENT_3D('',#152,#153,#154);
#157=DIRECTION('',(-1.E0,0.E0,0.E0));
#158=VECTOR('',#157,5.400000000255E1);
#159=CARTESIAN_POINT('',(2.700000000128E1,-5.E0,1.299999999962E1));
#160=LINE('1826',#159,#158);
#161=CARTESIAN_POINT('',(0.E0,-5.E0,0.E0));
#162=DIRECTION('',(0.E0,-1.E0,0.E0));
#163=DIRECTION('',(0.E0,0.E0,-1.E0));
#164=AXIS2_PLACEMENT_3D('',#161,#162,#163);
#166=CARTESIAN_POINT('',(0.E0,-5.E0,0.E0));
#167=DIRECTION('',(0.E0,-1.E0,0.E0));
#168=DIRECTION('',(0.E0,0.E0,1.E0));
#169=AXIS2_PLACEMENT_3D('',#166,#167,#168);
#171=DIRECTION('',(0.E0,-1.E0,0.E0));
#172=VECTOR('',#171,5.E0);
#173=CARTESIAN_POINT('',(1.94E1,0.E0,-2.1E1));
#174=LINE('1749',#173,#172);
#175=DIRECTION('',(0.E0,-1.E0,0.E0));
#176=VECTOR('',#175,5.E0);
#177=CARTESIAN_POINT('',(2.26E1,0.E0,-2.1E1));
#178=LINE('1750',#177,#176);
#179=DIRECTION('',(0.E0,-1.E0,0.E0));
#180=VECTOR('',#179,5.E0);
#181=CARTESIAN_POINT('',(1.94E1,0.E0,2.1E1));
#182=LINE('1751',#181,#180);
#183=DIRECTION('',(0.E0,-1.E0,0.E0));
#184=VECTOR('',#183,5.E0);
#185=CARTESIAN_POINT('',(2.26E1,0.E0,2.1E1));
#186=LINE('1752',#185,#184);
#187=DIRECTION('',(0.E0,-1.E0,0.E0));
#188=VECTOR('',#187,5.E0);
#189=CARTESIAN_POINT('',(-2.26E1,0.E0,2.1E1));
#190=LINE('1753',#189,#188);
#191=DIRECTION('',(0.E0,-1.E0,0.E0));
#192=VECTOR('',#191,5.E0);
#193=CARTESIAN_POINT('',(-1.94E1,0.E0,2.1E1));
#194=LINE('1754',#193,#192);
#195=DIRECTION('',(0.E0,-1.E0,0.E0));
#196=VECTOR('',#195,5.E0);
#197=CARTESIAN_POINT('',(-2.26E1,0.E0,-2.1E1));
#198=LINE('1755',#197,#196);
#199=DIRECTION('',(0.E0,-1.E0,0.E0));
#200=VECTOR('',#199,5.E0);
#201=CARTESIAN_POINT('',(-1.94E1,0.E0,-2.1E1));
#202=LINE('1756',#201,#200);
#203=CARTESIAN_POINT('',(-2.7E1,-6.E0,1.3E1));
#204=DIRECTION('',(-1.E0,0.E0,0.E0));
#205=DIRECTION('',(0.E0,1.E0,0.E0));
#206=AXIS2_PLACEMENT_3D('',#203,#204,#205);
#208=CARTESIAN_POINT('',(2.7E1,-6.E0,1.3E1));
#209=DIRECTION('',(-1.E0,0.E0,0.E0));
#210=DIRECTION('',(0.E0,1.E0,0.E0));
#211=AXIS2_PLACEMENT_3D('',#208,#209,#210);
#213=CARTESIAN_POINT('',(2.9E1,-6.E0,1.1E1));
#214=DIRECTION('',(0.E0,0.E0,1.E0));
#215=DIRECTION('',(0.E0,1.E0,0.E0));
#216=AXIS2_PLACEMENT_3D('',#213,#214,#215);
#218=CARTESIAN_POINT('',(2.9E1,-6.E0,-1.1E1));
#219=DIRECTION('',(0.E0,0.E0,1.E0));
#220=DIRECTION('',(0.E0,1.E0,0.E0));
#221=AXIS2_PLACEMENT_3D('',#218,#219,#220);
#223=CARTESIAN_POINT('',(2.7E1,-6.E0,-1.3E1));
#224=DIRECTION('',(1.E0,0.E0,0.E0));
#225=DIRECTION('',(0.E0,1.E0,0.E0));
#226=AXIS2_PLACEMENT_3D('',#223,#224,#225);
#228=CARTESIAN_POINT('',(-2.7E1,-6.E0,-1.3E1));
#229=DIRECTION('',(1.E0,0.E0,0.E0));
#230=DIRECTION('',(0.E0,1.E0,0.E0));
#231=AXIS2_PLACEMENT_3D('',#228,#229,#230);
#233=CARTESIAN_POINT('',(-2.9E1,-6.E0,-1.1E1));
#234=DIRECTION('',(0.E0,0.E0,-1.E0));
#235=DIRECTION('',(0.E0,1.E0,0.E0));
#236=AXIS2_PLACEMENT_3D('',#233,#234,#235);
#238=CARTESIAN_POINT('',(-2.9E1,-6.E0,1.1E1));
#239=DIRECTION('',(0.E0,0.E0,-1.E0));
#240=DIRECTION('',(0.E0,1.E0,0.E0));
#241=AXIS2_PLACEMENT_3D('',#238,#239,#240);
#243=CARTESIAN_POINT('',(-2.8E1,-3.8E1,0.E0));
#244=DIRECTION('',(-1.E0,0.E0,0.E0));
#245=DIRECTION('',(0.E0,-1.E0,0.E0));
#246=AXIS2_PLACEMENT_3D('',#243,#244,#245);
#248=CARTESIAN_POINT('',(-2.8E1,-3.8E1,0.E0));
#249=DIRECTION('',(-1.E0,0.E0,0.E0));
#250=DIRECTION('',(0.E0,1.E0,0.E0));
#251=AXIS2_PLACEMENT_3D('',#248,#249,#250);
#253=CARTESIAN_POINT('',(-2.8E1,-3.3E1,-5.E0));
#254=DIRECTION('',(-1.E0,0.E0,0.E0));
#255=DIRECTION('',(0.E0,0.E0,1.E0));
#256=AXIS2_PLACEMENT_3D('',#253,#254,#255);
#258=CARTESIAN_POINT('',(-2.8E1,-3.3E1,-5.E0));
#259=DIRECTION('',(-1.E0,0.E0,0.E0));
#260=DIRECTION('',(0.E0,0.E0,-1.E0));
#261=AXIS2_PLACEMENT_3D('',#258,#259,#260);
#263=CARTESIAN_POINT('',(-2.8E1,-3.3E1,5.E0));
#264=DIRECTION('',(-1.E0,0.E0,0.E0));
#265=DIRECTION('',(0.E0,0.E0,1.E0));
#266=AXIS2_PLACEMENT_3D('',#263,#264,#265);
#268=CARTESIAN_POINT('',(-2.8E1,-3.3E1,5.E0));
#269=DIRECTION('',(-1.E0,0.E0,0.E0));
#270=DIRECTION('',(0.E0,0.E0,-1.E0));
#271=AXIS2_PLACEMENT_3D('',#268,#269,#270);
#273=CARTESIAN_POINT('',(-2.8E1,-4.3E1,5.E0));
#274=DIRECTION('',(-1.E0,0.E0,0.E0));
#275=DIRECTION('',(0.E0,0.E0,1.E0));
#276=AXIS2_PLACEMENT_3D('',#273,#274,#275);
#278=CARTESIAN_POINT('',(-2.8E1,-4.3E1,5.E0));
#279=DIRECTION('',(-1.E0,0.E0,0.E0));
#280=DIRECTION('',(0.E0,0.E0,-1.E0));
#281=AXIS2_PLACEMENT_3D('',#278,#279,#280);
#283=CARTESIAN_POINT('',(-2.8E1,-4.3E1,-5.E0));
#284=DIRECTION('',(-1.E0,0.E0,0.E0));
#285=DIRECTION('',(0.E0,0.E0,1.E0));
#286=AXIS2_PLACEMENT_3D('',#283,#284,#285);
#288=CARTESIAN_POINT('',(-2.8E1,-4.3E1,-5.E0));
#289=DIRECTION('',(-1.E0,0.E0,0.E0));
#290=DIRECTION('',(0.E0,0.E0,-1.E0));
#291=AXIS2_PLACEMENT_3D('',#288,#289,#290);
#293=DIRECTION('',(0.E0,0.E0,-1.E0));
#294=VECTOR('',#293,2.200000000045E1);
#295=CARTESIAN_POINT('',(-2.8E1,-6.E0,1.100000000023E1));
#296=LINE('1815',#295,#294);
#297=DIRECTION('',(0.E0,-1.E0,-7.096212506497E-12));
#298=VECTOR('',#297,3.2E1);
#299=CARTESIAN_POINT('',(-2.8E1,-6.E0,1.100000000023E1));
#300=LINE('1835',#299,#298);
#301=CARTESIAN_POINT('',(-2.8E1,-3.8E1,0.E0));
#302=DIRECTION('',(1.E0,0.E0,0.E0));
#303=DIRECTION('',(0.E0,0.E0,1.E0));
#304=AXIS2_PLACEMENT_3D('',#301,#302,#303);
#306=DIRECTION('',(0.E0,1.E0,-7.094658194262E-12));
#307=VECTOR('',#306,3.2E1);
#308=CARTESIAN_POINT('',(-2.8E1,-3.8E1,-1.1E1));
#309=LINE('1832',#308,#307);
#310=DIRECTION('',(-1.E0,0.E0,0.E0));
#311=VECTOR('',#310,8.5E0);
#312=CARTESIAN_POINT('',(-1.95E1,-3.96E1,0.E0));
#313=LINE('341',#312,#311);
#314=CARTESIAN_POINT('',(-1.95E1,-3.8E1,0.E0));
#315=DIRECTION('',(1.E0,0.E0,0.E0));
#316=DIRECTION('',(0.E0,-1.E0,0.E0));
#317=AXIS2_PLACEMENT_3D('',#314,#315,#316);
#319=CARTESIAN_POINT('',(-1.95E1,-3.8E1,0.E0));
#320=DIRECTION('',(1.E0,0.E0,0.E0));
#321=DIRECTION('',(0.E0,1.E0,0.E0));
#322=AXIS2_PLACEMENT_3D('',#319,#320,#321);
#324=DIRECTION('',(0.E0,-1.E0,0.E0));
#325=VECTOR('',#324,1.007838219913E1);
#326=CARTESIAN_POINT('',(-1.95E1,-3.965831239518E1,2.5E0));
#327=LINE('426',#326,#325);
#328=DIRECTION('',(0.E0,1.E0,0.E0));
#329=VECTOR('',#328,1.007838219913E1);
#330=CARTESIAN_POINT('',(-1.95E1,-4.973669459431E1,-2.5E0));
#331=LINE('427',#330,#329);
#332=DIRECTION('',(-1.E0,0.E0,0.E0));
#333=VECTOR('',#332,8.5E0);
#334=CARTESIAN_POINT('',(-1.95E1,-3.64E1,0.E0));
#335=LINE('446',#334,#333);
#336=CARTESIAN_POINT('',(-1.8E1,-4.871214264281E1,2.5E0));
#337=CARTESIAN_POINT('',(-1.800000000012E1,-4.880282431866E1,2.5E0));
#338=CARTESIAN_POINT('',(-1.802205653317E1,-4.897801155939E1,2.5E0));
#339=CARTESIAN_POINT('',(-1.812647301228E1,-4.923625996837E1,2.5E0));
#340=CARTESIAN_POINT('',(-1.828790521965E1,-4.944798849259E1,2.500000000002E0));
#341=CARTESIAN_POINT('',(-1.849641127006E1,-4.961162802684E1,2.499999999994E0));
#342=CARTESIAN_POINT('',(-1.874606419036E1,-4.971510896848E1,2.500000000023E0));
#343=CARTESIAN_POINT('',(-1.891369729105E1,-4.973669459371E1,2.499999999951E0));
#344=CARTESIAN_POINT('',(-1.899999999906E1,-4.973669459371E1,2.499999999951E0));
#346=CARTESIAN_POINT('',(-1.900000000893E1,-3.965831239107E1,2.499999998998E0));
#347=CARTESIAN_POINT('',(-1.893434914928E1,-3.965831239107E1,2.499999998998E0));
#348=CARTESIAN_POINT('',(-1.880476694535E1,-3.968149385331E1,2.500000000465E0));
#349=CARTESIAN_POINT('',(-1.861337581638E1,-3.978350124302E1,2.499999999876E0));
#350=CARTESIAN_POINT('',(-1.843147017362E1,-3.994869761362E1,2.500000000032E0));
#351=CARTESIAN_POINT('',(-1.826957408323E1,-4.016531232086E1,2.499999999995E0));
#352=CARTESIAN_POINT('',(-1.813188865085E1,-4.043105170898E1,2.499999999989E0));
#353=CARTESIAN_POINT('',(-1.802938446408E1,-4.075175400299E1,2.500000000050E0));
#354=CARTESIAN_POINT('',(-1.799999999938E1,-4.099370361776E1,2.499999999891E0));
#355=CARTESIAN_POINT('',(-1.8E1,-4.112249899906E1,2.499999999891E0));
#357=DIRECTION('',(-1.E0,-8.205447135084E-9,2.004195956129E-9));
#358=VECTOR('',#357,4.999999910704E-1);
#359=CARTESIAN_POINT('',(-1.900000000893E1,-3.965831239107E1,2.499999998998E0));
#360=LINE('501',#359,#358);
#361=CARTESIAN_POINT('',(-1.9E1,-3.8E1,1.099999999860E1));
#362=DIRECTION('',(0.E0,-1.E0,0.E0));
#363=DIRECTION('',(1.E0,0.E0,1.398298365984E-9));
#364=AXIS2_PLACEMENT_3D('',#361,#362,#363);
#366=CARTESIAN_POINT('',(-1.9E1,-3.8E1,0.E0));
#367=DIRECTION('',(1.E0,0.E0,0.E0));
#368=DIRECTION('',(0.E0,0.E0,1.E0));
#369=AXIS2_PLACEMENT_3D('',#366,#367,#368);
#371=DIRECTION('',(-1.E0,-1.181064133153E-9,9.710099372901E-11));
#372=VECTOR('',#371,5.000000009430E-1);
#373=CARTESIAN_POINT('',(-1.899999999906E1,-4.973669459371E1,2.499999999951E0));
#374=LINE('2099',#373,#372);
#375=CARTESIAN_POINT('',(-1.95E1,-3.8E1,0.E0));
#376=DIRECTION('',(1.E0,0.E0,0.E0));
#377=DIRECTION('',(0.E0,-9.780578828588E-1,2.083333333333E-1));
#378=AXIS2_PLACEMENT_3D('',#375,#376,#377);
#380=DIRECTION('',(-1.E0,-8.961222862036E-10,-7.368861066339E-11));
#381=VECTOR('',#380,5.000000007155E-1);
#382=CARTESIAN_POINT('',(-1.899999999928E1,-4.973669459386E1,
-2.499999999963E0));
#383=LINE('2100',#382,#381);
#384=CARTESIAN_POINT('',(-1.9E1,-3.8E1,0.E0));
#385=DIRECTION('',(1.E0,0.E0,0.E0));
#386=DIRECTION('',(0.E0,-9.780578828568E-1,-2.083333333425E-1));
#387=AXIS2_PLACEMENT_3D('',#384,#385,#386);
#389=CARTESIAN_POINT('',(-2.7E1,-3.8E1,0.E0));
#390=DIRECTION('',(1.E0,0.E0,0.E0));
#391=DIRECTION('',(0.E0,0.E0,1.E0));
#392=AXIS2_PLACEMENT_3D('',#389,#390,#391);
#394=CARTESIAN_POINT('',(-1.899999999928E1,-4.973669459386E1,
-2.499999999963E0));
#395=CARTESIAN_POINT('',(-1.891369729092E1,-4.973669459386E1,
-2.499999999963E0));
#396=CARTESIAN_POINT('',(-1.874606419037E1,-4.971510896891E1,
-2.500000000017E0));
#397=CARTESIAN_POINT('',(-1.849641126997E1,-4.961162802712E1,
-2.499999999995E0));
#398=CARTESIAN_POINT('',(-1.828790521956E1,-4.944798849285E1,
-2.500000000001E0));
#399=CARTESIAN_POINT('',(-1.812647301218E1,-4.923625996856E1,-2.5E0));
#400=CARTESIAN_POINT('',(-1.802205653309E1,-4.897801155945E1,-2.5E0));
#401=CARTESIAN_POINT('',(-1.800000000009E1,-4.880282431868E1,-2.5E0));
#402=CARTESIAN_POINT('',(-1.8E1,-4.871214264281E1,-2.5E0));
#404=DIRECTION('',(-1.E0,-8.689937826044E-9,-1.859437084662E-9));
#405=VECTOR('',#404,4.999999903510E-1);
#406=CARTESIAN_POINT('',(-1.900000000965E1,-3.965831239083E1,
-2.499999999070E0));
#407=LINE('502',#406,#405);
#408=CARTESIAN_POINT('',(-1.8E1,-4.112249899920E1,-2.5E0));
#409=CARTESIAN_POINT('',(-1.799999999933E1,-4.099357814769E1,-2.5E0));
#410=CARTESIAN_POINT('',(-1.802944995600E1,-4.075142152158E1,
-2.499999999999E0));
#411=CARTESIAN_POINT('',(-1.813202084869E1,-4.043071217368E1,
-2.500000000002E0));
#412=CARTESIAN_POINT('',(-1.826990737478E1,-4.016474291362E1,
-2.499999999992E0));
#413=CARTESIAN_POINT('',(-1.843164095027E1,-3.994868005950E1,
-2.500000000031E0));
#414=CARTESIAN_POINT('',(-1.861197413792E1,-3.978456908887E1,
-2.499999999884E0));
#415=CARTESIAN_POINT('',(-1.880410379713E1,-3.968161067249E1,
-2.500000000431E0));
#416=CARTESIAN_POINT('',(-1.893405584257E1,-3.965831239083E1,
-2.499999999070E0));
#417=CARTESIAN_POINT('',(-1.900000000965E1,-3.965831239083E1,
-2.499999999070E0));
#419=CARTESIAN_POINT('',(-1.8E1,-3.3E1,5.E0));
#420=DIRECTION('',(-1.E0,0.E0,0.E0));
#421=DIRECTION('',(0.E0,0.E0,1.E0));
#422=AXIS2_PLACEMENT_3D('',#419,#420,#421);
#424=CARTESIAN_POINT('',(-1.8E1,-3.3E1,5.E0));
#425=DIRECTION('',(-1.E0,0.E0,0.E0));
#426=DIRECTION('',(0.E0,0.E0,-1.E0));
#427=AXIS2_PLACEMENT_3D('',#424,#425,#426);
#429=CARTESIAN_POINT('',(-1.8E1,-4.3E1,5.E0));
#430=DIRECTION('',(-1.E0,0.E0,0.E0));
#431=DIRECTION('',(0.E0,0.E0,1.E0));
#432=AXIS2_PLACEMENT_3D('',#429,#430,#431);
#434=CARTESIAN_POINT('',(-1.8E1,-4.3E1,5.E0));
#435=DIRECTION('',(-1.E0,0.E0,0.E0));
#436=DIRECTION('',(0.E0,0.E0,-1.E0));
#437=AXIS2_PLACEMENT_3D('',#434,#435,#436);
#439=CARTESIAN_POINT('',(-1.8E1,-4.3E1,-5.E0));
#440=DIRECTION('',(-1.E0,0.E0,0.E0));
#441=DIRECTION('',(0.E0,0.E0,1.E0));
#442=AXIS2_PLACEMENT_3D('',#439,#440,#441);
#444=CARTESIAN_POINT('',(-1.8E1,-4.3E1,-5.E0));
#445=DIRECTION('',(-1.E0,0.E0,0.E0));
#446=DIRECTION('',(0.E0,0.E0,-1.E0));
#447=AXIS2_PLACEMENT_3D('',#444,#445,#446);
#449=CARTESIAN_POINT('',(-1.8E1,-3.3E1,-5.E0));
#450=DIRECTION('',(-1.E0,0.E0,0.E0));
#451=DIRECTION('',(0.E0,0.E0,1.E0));
#452=AXIS2_PLACEMENT_3D('',#449,#450,#451);
#454=CARTESIAN_POINT('',(-1.8E1,-3.3E1,-5.E0));
#455=DIRECTION('',(-1.E0,0.E0,0.E0));
#456=DIRECTION('',(0.E0,0.E0,-1.E0));
#457=AXIS2_PLACEMENT_3D('',#454,#455,#456);
#459=CARTESIAN_POINT('',(-1.8E1,-3.8E1,0.E0));
#460=DIRECTION('',(1.E0,0.E0,0.E0));
#461=DIRECTION('',(0.E0,0.E0,1.E0));
#462=AXIS2_PLACEMENT_3D('',#459,#460,#461);
#464=DIRECTION('',(0.E0,-1.E0,0.E0));
#465=VECTOR('',#464,1.999999999929E1);
#466=CARTESIAN_POINT('',(-1.8E1,-1.800000000071E1,1.1E1));
#467=LINE('2068',#466,#465);
#468=DIRECTION('',(0.E0,-1.222456479478E-13,1.E0));
#469=VECTOR('',#468,2.2E1);
#470=CARTESIAN_POINT('',(-1.8E1,-1.800000000071E1,-1.1E1));
#471=LINE('2098',#470,#469);
#472=DIRECTION('',(0.E0,1.E0,0.E0));
#473=VECTOR('',#472,1.999999999929E1);
#474=CARTESIAN_POINT('',(-1.8E1,-3.8E1,-1.1E1));
#475=LINE('2092',#474,#473);
#476=CARTESIAN_POINT('',(-1.8E1,-3.8E1,0.E0));
#477=DIRECTION('',(1.E0,0.E0,0.E0));
#478=DIRECTION('',(0.E0,-9.738311493468E-1,-2.272727272727E-1));
#479=AXIS2_PLACEMENT_3D('',#476,#477,#478);
#481=DIRECTION('',(0.E0,1.E0,0.E0));
#482=VECTOR('',#481,7.589643643615E0);
#483=CARTESIAN_POINT('',(-1.8E1,-4.871214264281E1,-2.5E0));
#484=LINE('2102',#483,#482);
#485=DIRECTION('',(0.E0,1.E0,-1.430508348364E-11));
#486=VECTOR('',#485,7.589643643751E0);
#487=CARTESIAN_POINT('',(-1.8E1,-4.871214264281E1,2.5E0));
#488=LINE('2101',#487,#486);
#489=CARTESIAN_POINT('',(-2.15E1,-3.3E1,5.E0));
#490=DIRECTION('',(-1.E0,0.E0,0.E0));
#491=DIRECTION('',(0.E0,0.E0,1.E0));
#492=AXIS2_PLACEMENT_3D('',#489,#490,#491);
#494=DIRECTION('',(1.E0,0.E0,0.E0));
#495=VECTOR('',#494,3.5E0);
#496=CARTESIAN_POINT('',(-2.15E1,-3.3E1,6.5E0));
#497=LINE('694',#496,#495);
#498=CARTESIAN_POINT('',(-2.15E1,-3.3E1,-5.E0));
#499=DIRECTION('',(-1.E0,0.E0,0.E0));
#500=DIRECTION('',(0.E0,0.E0,1.E0));
#501=AXIS2_PLACEMENT_3D('',#498,#499,#500);
#503=CARTESIAN_POINT('',(-2.15E1,-3.3E1,-5.E0));
#504=DIRECTION('',(-1.E0,0.E0,0.E0));
#505=DIRECTION('',(0.E0,0.E0,-1.E0));
#506=AXIS2_PLACEMENT_3D('',#503,#504,#505);
#508=CARTESIAN_POINT('',(-2.15E1,-3.3E1,5.E0));
#509=DIRECTION('',(-1.E0,0.E0,0.E0));
#510=DIRECTION('',(0.E0,0.E0,1.E0));
#511=AXIS2_PLACEMENT_3D('',#508,#509,#510);
#513=CARTESIAN_POINT('',(-2.15E1,-3.3E1,5.E0));
#514=DIRECTION('',(-1.E0,0.E0,0.E0));
#515=DIRECTION('',(0.E0,0.E0,-1.E0));
#516=AXIS2_PLACEMENT_3D('',#513,#514,#515);
#518=CARTESIAN_POINT('',(-2.15E1,-4.3E1,5.E0));
#519=DIRECTION('',(-1.E0,0.E0,0.E0));
#520=DIRECTION('',(0.E0,0.E0,1.E0));
#521=AXIS2_PLACEMENT_3D('',#518,#519,#520);
#523=CARTESIAN_POINT('',(-2.15E1,-4.3E1,5.E0));
#524=DIRECTION('',(-1.E0,0.E0,0.E0));
#525=DIRECTION('',(0.E0,0.E0,-1.E0));
#526=AXIS2_PLACEMENT_3D('',#523,#524,#525);
#528=CARTESIAN_POINT('',(-2.15E1,-4.3E1,-5.E0));
#529=DIRECTION('',(-1.E0,0.E0,0.E0));
#530=DIRECTION('',(0.E0,0.E0,1.E0));
#531=AXIS2_PLACEMENT_3D('',#528,#529,#530);
#533=CARTESIAN_POINT('',(-2.15E1,-4.3E1,-5.E0));
#534=DIRECTION('',(-1.E0,0.E0,0.E0));
#535=DIRECTION('',(0.E0,0.E0,-1.E0));
#536=AXIS2_PLACEMENT_3D('',#533,#534,#535);
#538=DIRECTION('',(1.E0,0.E0,0.E0));
#539=VECTOR('',#538,6.5E0);
#540=CARTESIAN_POINT('',(-2.8E1,-3.3E1,-2.3E0));
#541=LINE('702',#540,#539);
#542=DIRECTION('',(1.E0,0.E0,0.E0));
#543=VECTOR('',#542,6.5E0);
#544=CARTESIAN_POINT('',(-2.8E1,-3.3E1,-7.7E0));
#545=LINE('703',#544,#543);
#546=DIRECTION('',(1.E0,0.E0,0.E0));
#547=VECTOR('',#546,6.5E0);
#548=CARTESIAN_POINT('',(-2.8E1,-3.3E1,7.7E0));
#549=LINE('704',#548,#547);
#550=DIRECTION('',(1.E0,0.E0,0.E0));
#551=VECTOR('',#550,6.5E0);
#552=CARTESIAN_POINT('',(-2.8E1,-3.3E1,2.3E0));
#553=LINE('705',#552,#551);
#554=DIRECTION('',(1.E0,0.E0,0.E0));
#555=VECTOR('',#554,6.5E0);
#556=CARTESIAN_POINT('',(-2.8E1,-4.3E1,7.7E0));
#557=LINE('706',#556,#555);
#558=DIRECTION('',(1.E0,0.E0,0.E0));
#559=VECTOR('',#558,6.5E0);
#560=CARTESIAN_POINT('',(-2.8E1,-4.3E1,2.3E0));
#561=LINE('707',#560,#559);
#562=DIRECTION('',(1.E0,0.E0,0.E0));
#563=VECTOR('',#562,6.5E0);
#564=CARTESIAN_POINT('',(-2.8E1,-4.3E1,-2.3E0));
#565=LINE('708',#564,#563);
#566=DIRECTION('',(1.E0,0.E0,0.E0));
#567=VECTOR('',#566,6.5E0);
#568=CARTESIAN_POINT('',(-2.8E1,-4.3E1,-7.7E0));
#569=LINE('709',#568,#567);
#570=CARTESIAN_POINT('',(-2.15E1,-3.3E1,5.E0));
#571=DIRECTION('',(-1.E0,0.E0,0.E0));
#572=DIRECTION('',(0.E0,0.E0,-1.E0));
#573=AXIS2_PLACEMENT_3D('',#570,#571,#572);
#575=DIRECTION('',(1.E0,0.E0,0.E0));
#576=VECTOR('',#575,3.5E0);
#577=CARTESIAN_POINT('',(-2.15E1,-3.3E1,3.5E0));
#578=LINE('695',#577,#576);
#579=CARTESIAN_POINT('',(-2.15E1,-4.3E1,5.E0));
#580=DIRECTION('',(-1.E0,0.E0,0.E0));
#581=DIRECTION('',(0.E0,0.E0,1.E0));
#582=AXIS2_PLACEMENT_3D('',#579,#580,#581);
#584=DIRECTION('',(1.E0,0.E0,0.E0));
#585=VECTOR('',#584,3.5E0);
#586=CARTESIAN_POINT('',(-2.15E1,-4.3E1,6.5E0));
#587=LINE('696',#586,#585);
#588=CARTESIAN_POINT('',(-2.15E1,-4.3E1,5.E0));
#589=DIRECTION('',(-1.E0,0.E0,0.E0));
#590=DIRECTION('',(0.E0,0.E0,-1.E0));
#591=AXIS2_PLACEMENT_3D('',#588,#589,#590);
#593=DIRECTION('',(1.E0,0.E0,0.E0));
#594=VECTOR('',#593,3.5E0);
#595=CARTESIAN_POINT('',(-2.15E1,-4.3E1,3.5E0));
#596=LINE('697',#595,#594);
#597=CARTESIAN_POINT('',(-2.15E1,-4.3E1,-5.E0));
#598=DIRECTION('',(-1.E0,0.E0,0.E0));
#599=DIRECTION('',(0.E0,0.E0,1.E0));
#600=AXIS2_PLACEMENT_3D('',#597,#598,#599);
#602=DIRECTION('',(1.E0,0.E0,0.E0));
#603=VECTOR('',#602,3.5E0);
#604=CARTESIAN_POINT('',(-2.15E1,-4.3E1,-3.5E0));
#605=LINE('698',#604,#603);
#606=CARTESIAN_POINT('',(-2.15E1,-4.3E1,-5.E0));
#607=DIRECTION('',(-1.E0,0.E0,0.E0));
#608=DIRECTION('',(0.E0,0.E0,-1.E0));
#609=AXIS2_PLACEMENT_3D('',#606,#607,#608);
#611=DIRECTION('',(1.E0,0.E0,0.E0));
#612=VECTOR('',#611,3.5E0);
#613=CARTESIAN_POINT('',(-2.15E1,-4.3E1,-6.5E0));
#614=LINE('699',#613,#612);
#615=CARTESIAN_POINT('',(-2.15E1,-3.3E1,-5.E0));
#616=DIRECTION('',(-1.E0,0.E0,0.E0));
#617=DIRECTION('',(0.E0,0.E0,1.E0));
#618=AXIS2_PLACEMENT_3D('',#615,#616,#617);
#620=DIRECTION('',(1.E0,0.E0,0.E0));
#621=VECTOR('',#620,3.5E0);
#622=CARTESIAN_POINT('',(-2.15E1,-3.3E1,-3.5E0));
#623=LINE('700',#622,#621);
#624=CARTESIAN_POINT('',(-2.15E1,-3.3E1,-5.E0));
#625=DIRECTION('',(-1.E0,0.E0,0.E0));
#626=DIRECTION('',(0.E0,0.E0,-1.E0));
#627=AXIS2_PLACEMENT_3D('',#624,#625,#626);
#629=DIRECTION('',(1.E0,0.E0,0.E0));
#630=VECTOR('',#629,3.5E0);
#631=CARTESIAN_POINT('',(-2.15E1,-3.3E1,-6.5E0));
#632=LINE('701',#631,#630);
#633=CARTESIAN_POINT('',(-1.9E1,-1.8E1,1.1E1));
#634=DIRECTION('',(0.E0,-1.E0,0.E0));
#635=DIRECTION('',(1.E0,0.E0,0.E0));
#636=AXIS2_PLACEMENT_3D('',#633,#634,#635);
#638=DIRECTION('',(-4.387423757693E-12,-1.E0,-1.747864075720E-11));
#639=VECTOR('',#638,1.999999999973E1);
#640=CARTESIAN_POINT('',(-1.899999999991E1,-1.800000000023E1,1.2E1));
#641=LINE('2069',#640,#639);
#642=DIRECTION('',(-1.E0,-3.853806163079E-12,4.369682393701E-11));
#643=VECTOR('',#642,8.E0);
#644=CARTESIAN_POINT('',(-1.9E1,-3.799999999997E1,1.199999999965E1));
#645=LINE('2111',#644,#643);
#646=DIRECTION('',(1.929789661404E-11,-1.E0,0.E0));
#647=VECTOR('',#646,3.2E1);
#648=CARTESIAN_POINT('',(-2.700000000062E1,-6.E0,1.2E1));
#649=LINE('1834',#648,#647);
#650=DIRECTION('',(-1.E0,0.E0,0.E0));
#651=VECTOR('',#650,5.400000000124E1);
#652=CARTESIAN_POINT('',(2.700000000062E1,-6.E0,1.2E1));
#653=LINE('1827',#652,#651);
#654=DIRECTION('',(1.937960902865E-11,1.E0,0.E0));
#655=VECTOR('',#654,3.2E1);
#656=CARTESIAN_POINT('',(2.7E1,-3.8E1,1.2E1));
#657=LINE('1829',#656,#655);
#658=DIRECTION('',(-1.E0,5.632827537738E-12,-4.369660189241E-11));
#659=VECTOR('',#658,8.E0);
#660=CARTESIAN_POINT('',(2.7E1,-3.8E1,1.2E1));
#661=LINE('2109',#660,#659);
#662=DIRECTION('',(-4.366995654043E-12,1.E0,1.747872957505E-11));
#663=VECTOR('',#662,1.999999999972E1);
#664=CARTESIAN_POINT('',(1.9E1,-3.799999999995E1,1.199999999965E1));
#665=LINE('2077',#664,#663);
#666=CARTESIAN_POINT('',(1.5E1,-1.8E1,1.2E1));
#667=DIRECTION('',(0.E0,0.E0,1.E0));
#668=DIRECTION('',(1.E0,0.E0,0.E0));
#669=AXIS2_PLACEMENT_3D('',#666,#667,#668);
#671=DIRECTION('',(-1.E0,1.474376176727E-14,0.E0));
#672=VECTOR('',#671,2.999999999949E1);
#673=CARTESIAN_POINT('',(1.499999999974E1,-1.400000000011E1,1.2E1));
#674=LINE('2073',#673,#672);
#675=CARTESIAN_POINT('',(-1.5E1,-1.8E1,1.2E1));
#676=DIRECTION('',(0.E0,0.E0,1.E0));
#677=DIRECTION('',(0.E0,1.E0,0.E0));
#678=AXIS2_PLACEMENT_3D('',#675,#676,#677);
#680=CARTESIAN_POINT('',(-2.7E1,-6.E0,1.1E1));
#681=DIRECTION('',(0.E0,-1.E0,0.E0));
#682=DIRECTION('',(0.E0,0.E0,1.E0));
#683=AXIS2_PLACEMENT_3D('',#680,#681,#682);
#685=CARTESIAN_POINT('',(-2.7E1,-3.8E1,1.1E1));
#686=DIRECTION('',(0.E0,-1.E0,0.E0));
#687=DIRECTION('',(0.E0,0.E0,1.E0));
#688=AXIS2_PLACEMENT_3D('',#685,#686,#687);
#690=CARTESIAN_POINT('',(-2.7E1,-6.E0,-1.1E1));
#691=DIRECTION('',(0.E0,-1.E0,0.E0));
#692=DIRECTION('',(-1.E0,0.E0,0.E0));
#693=AXIS2_PLACEMENT_3D('',#690,#691,#692);
#695=CARTESIAN_POINT('',(-2.7E1,-3.8E1,-1.1E1));
#696=DIRECTION('',(0.E0,1.E0,0.E0));
#697=DIRECTION('',(0.E0,0.E0,-1.E0));
#698=AXIS2_PLACEMENT_3D('',#695,#696,#697);
#700=DIRECTION('',(4.387423757691E-12,-1.E0,1.326192489176E-11));
#701=VECTOR('',#700,1.999999999975E1);
#702=CARTESIAN_POINT('',(1.899999999991E1,-1.800000000023E1,-1.2E1));
#703=LINE('2085',#702,#701);
#704=DIRECTION('',(-1.E0,2.130740028861E-12,3.315503427359E-11));
#705=VECTOR('',#704,8.E0);
#706=CARTESIAN_POINT('',(2.7E1,-3.8E1,-1.2E1));
#707=LINE('2110',#706,#705);
#708=DIRECTION('',(-1.929789661404E-11,-1.E0,0.E0));
#709=VECTOR('',#708,3.2E1);
#710=CARTESIAN_POINT('',(2.700000000062E1,-6.E0,-1.2E1));
#711=LINE('1830',#710,#709);
#712=DIRECTION('',(1.E0,0.E0,0.E0));
#713=VECTOR('',#712,5.400000000124E1);
#714=CARTESIAN_POINT('',(-2.700000000062E1,-6.E0,-1.2E1));
#715=LINE('1819',#714,#713);
#716=DIRECTION('',(-1.937960902865E-11,1.E0,0.E0));
#717=VECTOR('',#716,3.2E1);
#718=CARTESIAN_POINT('',(-2.7E1,-3.8E1,-1.2E1));
#719=LINE('1833',#718,#717);
#720=DIRECTION('',(-1.E0,-2.940758747627E-12,-3.315481222899E-11));
#721=VECTOR('',#720,8.E0);
#722=CARTESIAN_POINT('',(-1.9E1,-3.799999999997E1,-1.199999999973E1));
#723=LINE('2112',#722,#721);
#724=DIRECTION('',(4.366995654039E-12,1.E0,-1.326201370961E-11));
#725=VECTOR('',#724,1.999999999974E1);
#726=CARTESIAN_POINT('',(-1.9E1,-3.799999999997E1,-1.199999999973E1));
#727=LINE('2093',#726,#725);
#728=CARTESIAN_POINT('',(-1.5E1,-1.8E1,-1.2E1));
#729=DIRECTION('',(0.E0,0.E0,-1.E0));
#730=DIRECTION('',(-1.E0,0.E0,0.E0));
#731=AXIS2_PLACEMENT_3D('',#728,#729,#730);
#733=DIRECTION('',(1.E0,1.474376176727E-14,0.E0));
#734=VECTOR('',#733,2.999999999949E1);
#735=CARTESIAN_POINT('',(-1.499999999974E1,-1.400000000011E1,-1.2E1));
#736=LINE('2089',#735,#734);
#737=CARTESIAN_POINT('',(1.5E1,-1.8E1,-1.2E1));
#738=DIRECTION('',(0.E0,0.E0,-1.E0));
#739=DIRECTION('',(0.E0,1.E0,0.E0));
#740=AXIS2_PLACEMENT_3D('',#737,#738,#739);
#742=CARTESIAN_POINT('',(1.9E1,-1.8E1,-1.1E1));
#743=DIRECTION('',(0.E0,-1.E0,0.E0));
#744=DIRECTION('',(-1.E0,0.E0,0.E0));
#745=AXIS2_PLACEMENT_3D('',#742,#743,#744);
#747=CARTESIAN_POINT('',(1.8E1,-3.3E1,5.E0));
#748=DIRECTION('',(-1.E0,0.E0,0.E0));
#749=DIRECTION('',(0.E0,0.E0,1.E0));
#750=AXIS2_PLACEMENT_3D('',#747,#748,#749);
#752=CARTESIAN_POINT('',(1.8E1,-3.3E1,5.E0));
#753=DIRECTION('',(-1.E0,0.E0,0.E0));
#754=DIRECTION('',(0.E0,0.E0,-1.E0));
#755=AXIS2_PLACEMENT_3D('',#752,#753,#754);
#757=CARTESIAN_POINT('',(1.8E1,-4.3E1,5.E0));
#758=DIRECTION('',(-1.E0,0.E0,0.E0));
#759=DIRECTION('',(0.E0,0.E0,1.E0));
#760=AXIS2_PLACEMENT_3D('',#757,#758,#759);
#762=CARTESIAN_POINT('',(1.8E1,-4.3E1,5.E0));
#763=DIRECTION('',(-1.E0,0.E0,0.E0));
#764=DIRECTION('',(0.E0,0.E0,-1.E0));
#765=AXIS2_PLACEMENT_3D('',#762,#763,#764);
#767=CARTESIAN_POINT('',(1.8E1,-4.3E1,-5.E0));
#768=DIRECTION('',(-1.E0,0.E0,0.E0));
#769=DIRECTION('',(0.E0,0.E0,1.E0));
#770=AXIS2_PLACEMENT_3D('',#767,#768,#769);
#772=CARTESIAN_POINT('',(1.8E1,-4.3E1,-5.E0));
#773=DIRECTION('',(-1.E0,0.E0,0.E0));
#774=DIRECTION('',(0.E0,0.E0,-1.E0));
#775=AXIS2_PLACEMENT_3D('',#772,#773,#774);
#777=CARTESIAN_POINT('',(1.8E1,-3.3E1,-5.E0));
#778=DIRECTION('',(-1.E0,0.E0,0.E0));
#779=DIRECTION('',(0.E0,0.E0,1.E0));
#780=AXIS2_PLACEMENT_3D('',#777,#778,#779);
#782=CARTESIAN_POINT('',(1.8E1,-3.3E1,-5.E0));
#783=DIRECTION('',(-1.E0,0.E0,0.E0));
#784=DIRECTION('',(0.E0,0.E0,-1.E0));
#785=AXIS2_PLACEMENT_3D('',#782,#783,#784);
#787=DIRECTION('',(0.E0,1.E0,0.E0));
#788=VECTOR('',#787,1.999999999929E1);
#789=CARTESIAN_POINT('',(1.8E1,-3.8E1,1.1E1));
#790=LINE('2076',#789,#788);
#791=CARTESIAN_POINT('',(1.8E1,-3.8E1,0.E0));
#792=DIRECTION('',(-1.E0,0.E0,0.E0));
#793=DIRECTION('',(0.E0,-9.738311493468E-1,2.272727272727E-1));
#794=AXIS2_PLACEMENT_3D('',#791,#792,#793);
#796=DIRECTION('',(0.E0,1.E0,0.E0));
#797=VECTOR('',#796,7.589643643615E0);
#798=CARTESIAN_POINT('',(1.8E1,-4.871214264281E1,2.5E0));
#799=LINE('2107',#798,#797);
#800=DIRECTION('',(0.E0,1.E0,-1.430496645910E-11));
#801=VECTOR('',#800,7.589643643479E0);
#802=CARTESIAN_POINT('',(1.8E1,-4.871214264281E1,-2.5E0));
#803=LINE('2108',#802,#801);
#804=CARTESIAN_POINT('',(1.8E1,-3.8E1,0.E0));
#805=DIRECTION('',(-1.E0,0.E0,0.E0));
#806=DIRECTION('',(0.E0,0.E0,-1.E0));
#807=AXIS2_PLACEMENT_3D('',#804,#805,#806);
#809=DIRECTION('',(0.E0,-1.E0,0.E0));
#810=VECTOR('',#809,1.999999999929E1);
#811=CARTESIAN_POINT('',(1.8E1,-1.800000000071E1,-1.1E1));
#812=LINE('2084',#811,#810);
#813=DIRECTION('',(0.E0,-1.222456479478E-13,-1.E0));
#814=VECTOR('',#813,2.2E1);
#815=CARTESIAN_POINT('',(1.8E1,-1.800000000071E1,1.1E1));
#816=LINE('2104',#815,#814);
#817=CARTESIAN_POINT('',(2.15E1,-3.3E1,5.E0));
#818=DIRECTION('',(-1.E0,0.E0,0.E0));
#819=DIRECTION('',(0.E0,0.E0,1.E0));
#820=AXIS2_PLACEMENT_3D('',#817,#818,#819);
#822=DIRECTION('',(-1.E0,0.E0,0.E0));
#823=VECTOR('',#822,3.5E0);
#824=CARTESIAN_POINT('',(2.15E1,-3.3E1,6.5E0));
#825=LINE('1208',#824,#823);
#826=CARTESIAN_POINT('',(2.15E1,-3.3E1,-5.E0));
#827=DIRECTION('',(-1.E0,0.E0,0.E0));
#828=DIRECTION('',(0.E0,0.E0,1.E0));
#829=AXIS2_PLACEMENT_3D('',#826,#827,#828);
#831=CARTESIAN_POINT('',(2.15E1,-3.3E1,-5.E0));
#832=DIRECTION('',(-1.E0,0.E0,0.E0));
#833=DIRECTION('',(0.E0,0.E0,-1.E0));
#834=AXIS2_PLACEMENT_3D('',#831,#832,#833);
#836=CARTESIAN_POINT('',(2.15E1,-3.3E1,5.E0));
#837=DIRECTION('',(-1.E0,0.E0,0.E0));
#838=DIRECTION('',(0.E0,0.E0,1.E0));
#839=AXIS2_PLACEMENT_3D('',#836,#837,#838);
#841=CARTESIAN_POINT('',(2.15E1,-3.3E1,5.E0));
#842=DIRECTION('',(-1.E0,0.E0,0.E0));
#843=DIRECTION('',(0.E0,0.E0,-1.E0));
#844=AXIS2_PLACEMENT_3D('',#841,#842,#843);
#846=CARTESIAN_POINT('',(2.15E1,-4.3E1,5.E0));
#847=DIRECTION('',(-1.E0,0.E0,0.E0));
#848=DIRECTION('',(0.E0,0.E0,1.E0));
#849=AXIS2_PLACEMENT_3D('',#846,#847,#848);
#851=CARTESIAN_POINT('',(2.15E1,-4.3E1,5.E0));
#852=DIRECTION('',(-1.E0,0.E0,0.E0));
#853=DIRECTION('',(0.E0,0.E0,-1.E0));
#854=AXIS2_PLACEMENT_3D('',#851,#852,#853);
#856=CARTESIAN_POINT('',(2.15E1,-4.3E1,-5.E0));
#857=DIRECTION('',(-1.E0,0.E0,0.E0));
#858=DIRECTION('',(0.E0,0.E0,1.E0));
#859=AXIS2_PLACEMENT_3D('',#856,#857,#858);
#861=CARTESIAN_POINT('',(2.15E1,-4.3E1,-5.E0));
#862=DIRECTION('',(-1.E0,0.E0,0.E0));
#863=DIRECTION('',(0.E0,0.E0,-1.E0));
#864=AXIS2_PLACEMENT_3D('',#861,#862,#863);
#866=DIRECTION('',(-1.E0,0.E0,0.E0));
#867=VECTOR('',#866,6.5E0);
#868=CARTESIAN_POINT('',(2.8E1,-3.3E1,-2.3E0));
#869=LINE('1059',#868,#867);
#870=DIRECTION('',(-1.E0,0.E0,0.E0));
#871=VECTOR('',#870,6.5E0);
#872=CARTESIAN_POINT('',(2.8E1,-3.3E1,-7.7E0));
#873=LINE('1060',#872,#871);
#874=CARTESIAN_POINT('',(2.8E1,-3.3E1,-5.E0));
#875=DIRECTION('',(-1.E0,0.E0,0.E0));
#876=DIRECTION('',(0.E0,0.E0,1.E0));
#877=AXIS2_PLACEMENT_3D('',#874,#875,#876);
#879=CARTESIAN_POINT('',(2.8E1,-3.3E1,-5.E0));
#880=DIRECTION('',(-1.E0,0.E0,0.E0));
#881=DIRECTION('',(0.E0,0.E0,-1.E0));
#882=AXIS2_PLACEMENT_3D('',#879,#880,#881);
#884=CARTESIAN_POINT('',(2.8E1,-3.3E1,5.E0));
#885=DIRECTION('',(-1.E0,0.E0,0.E0));
#886=DIRECTION('',(0.E0,0.E0,1.E0));
#887=AXIS2_PLACEMENT_3D('',#884,#885,#886);
#889=CARTESIAN_POINT('',(2.8E1,-3.3E1,5.E0));
#890=DIRECTION('',(-1.E0,0.E0,0.E0));
#891=DIRECTION('',(0.E0,0.E0,-1.E0));
#892=AXIS2_PLACEMENT_3D('',#889,#890,#891);
#894=CARTESIAN_POINT('',(2.8E1,-4.3E1,5.E0));
#895=DIRECTION('',(-1.E0,0.E0,0.E0));
#896=DIRECTION('',(0.E0,0.E0,1.E0));
#897=AXIS2_PLACEMENT_3D('',#894,#895,#896);
#899=CARTESIAN_POINT('',(2.8E1,-4.3E1,5.E0));
#900=DIRECTION('',(-1.E0,0.E0,0.E0));
#901=DIRECTION('',(0.E0,0.E0,-1.E0));
#902=AXIS2_PLACEMENT_3D('',#899,#900,#901);
#904=CARTESIAN_POINT('',(2.8E1,-4.3E1,-5.E0));
#905=DIRECTION('',(-1.E0,0.E0,0.E0));
#906=DIRECTION('',(0.E0,0.E0,1.E0));
#907=AXIS2_PLACEMENT_3D('',#904,#905,#906);
#909=CARTESIAN_POINT('',(2.8E1,-4.3E1,-5.E0));
#910=DIRECTION('',(-1.E0,0.E0,0.E0));
#911=DIRECTION('',(0.E0,0.E0,-1.E0));
#912=AXIS2_PLACEMENT_3D('',#909,#910,#911);
#914=CARTESIAN_POINT('',(2.8E1,-3.8E1,0.E0));
#915=DIRECTION('',(1.E0,0.E0,0.E0));
#916=DIRECTION('',(0.E0,1.E0,0.E0));
#917=AXIS2_PLACEMENT_3D('',#914,#915,#916);
#919=CARTESIAN_POINT('',(2.8E1,-3.8E1,0.E0));
#920=DIRECTION('',(1.E0,0.E0,0.E0));
#921=DIRECTION('',(0.E0,-1.E0,0.E0));
#922=AXIS2_PLACEMENT_3D('',#919,#920,#921);
#924=DIRECTION('',(0.E0,0.E0,1.E0));
#925=VECTOR('',#924,2.200000000045E1);
#926=CARTESIAN_POINT('',(2.8E1,-6.E0,-1.100000000023E1));
#927=LINE('1823',#926,#925);
#928=DIRECTION('',(0.E0,-1.E0,7.096212506497E-12));
#929=VECTOR('',#928,3.2E1);
#930=CARTESIAN_POINT('',(2.8E1,-6.E0,-1.100000000023E1));
#931=LINE('1831',#930,#929);
#932=CARTESIAN_POINT('',(2.8E1,-3.8E1,0.E0));
#933=DIRECTION('',(-1.E0,0.E0,0.E0));
#934=DIRECTION('',(0.E0,0.E0,-1.E0));
#935=AXIS2_PLACEMENT_3D('',#932,#933,#934);
#937=DIRECTION('',(0.E0,1.E0,7.094658194262E-12));
#938=VECTOR('',#937,3.2E1);
#939=CARTESIAN_POINT('',(2.8E1,-3.8E1,1.1E1));
#940=LINE('1828',#939,#938);
#941=DIRECTION('',(-1.E0,0.E0,0.E0));
#942=VECTOR('',#941,6.5E0);
#943=CARTESIAN_POINT('',(2.8E1,-3.3E1,7.7E0));
#944=LINE('1061',#943,#942);
#945=DIRECTION('',(-1.E0,0.E0,0.E0));
#946=VECTOR('',#945,6.5E0);
#947=CARTESIAN_POINT('',(2.8E1,-3.3E1,2.3E0));
#948=LINE('1062',#947,#946);
#949=DIRECTION('',(-1.E0,0.E0,0.E0));
#950=VECTOR('',#949,6.5E0);
#951=CARTESIAN_POINT('',(2.8E1,-4.3E1,7.7E0));
#952=LINE('1063',#951,#950);
#953=DIRECTION('',(-1.E0,0.E0,0.E0));
#954=VECTOR('',#953,6.5E0);
#955=CARTESIAN_POINT('',(2.8E1,-4.3E1,2.3E0));
#956=LINE('1064',#955,#954);
#957=DIRECTION('',(-1.E0,0.E0,0.E0));
#958=VECTOR('',#957,6.5E0);
#959=CARTESIAN_POINT('',(2.8E1,-4.3E1,-2.3E0));
#960=LINE('1065',#959,#958);
#961=DIRECTION('',(-1.E0,0.E0,0.E0));
#962=VECTOR('',#961,6.5E0);
#963=CARTESIAN_POINT('',(2.8E1,-4.3E1,-7.7E0));
#964=LINE('1066',#963,#962);
#965=DIRECTION('',(1.E0,0.E0,0.E0));
#966=VECTOR('',#965,8.5E0);
#967=CARTESIAN_POINT('',(1.95E1,-3.64E1,0.E0));
#968=LINE('1339',#967,#966);
#969=DIRECTION('',(1.E0,0.E0,0.E0));
#970=VECTOR('',#969,8.5E0);
#971=CARTESIAN_POINT('',(1.95E1,-3.96E1,0.E0));
#972=LINE('1340',#971,#970);
#973=CARTESIAN_POINT('',(1.95E1,-3.8E1,0.E0));
#974=DIRECTION('',(1.E0,0.E0,0.E0));
#975=DIRECTION('',(0.E0,1.E0,0.E0));
#976=AXIS2_PLACEMENT_3D('',#973,#974,#975);
#978=CARTESIAN_POINT('',(1.95E1,-3.8E1,0.E0));
#979=DIRECTION('',(1.E0,0.E0,0.E0));
#980=DIRECTION('',(0.E0,-1.E0,0.E0));
#981=AXIS2_PLACEMENT_3D('',#978,#979,#980);
#983=CARTESIAN_POINT('',(1.95E1,-3.8E1,0.E0));
#984=DIRECTION('',(-1.E0,0.E0,0.E0));
#985=DIRECTION('',(0.E0,-9.780578828588E-1,-2.083333333333E-1));
#986=AXIS2_PLACEMENT_3D('',#983,#984,#985);
#988=DIRECTION('',(0.E0,1.E0,0.E0));
#989=VECTOR('',#988,1.007838219913E1);
#990=CARTESIAN_POINT('',(1.95E1,-4.973669459431E1,-2.5E0));
#991=LINE('1497',#990,#989);
#992=DIRECTION('',(0.E0,-1.E0,0.E0));
#993=VECTOR('',#992,1.007838219913E1);
#994=CARTESIAN_POINT('',(1.95E1,-3.965831239518E1,2.5E0));
#995=LINE('1496',#994,#993);
#996=CARTESIAN_POINT('',(1.9E1,-3.8E1,0.E0));
#997=DIRECTION('',(-1.E0,0.E0,0.E0));
#998=DIRECTION('',(0.E0,-9.780578828562E-1,2.083333333455E-1));
#999=AXIS2_PLACEMENT_3D('',#996,#997,#998);
#1001=CARTESIAN_POINT('',(2.7E1,-3.8E1,0.E0));
#1002=DIRECTION('',(-1.E0,0.E0,0.E0));
#1003=DIRECTION('',(0.E0,0.E0,-1.E0));
#1004=AXIS2_PLACEMENT_3D('',#1001,#1002,#1003);
#1006=CARTESIAN_POINT('',(1.9E1,-3.8E1,0.E0));
#1007=DIRECTION('',(-1.E0,0.E0,0.E0));
#1008=DIRECTION('',(0.E0,0.E0,-1.E0));
#1009=AXIS2_PLACEMENT_3D('',#1006,#1007,#1008);
#1011=CARTESIAN_POINT('',(1.899999999906E1,-4.973669459371E1,2.499999999951E0));
#1012=CARTESIAN_POINT('',(1.891379354894E1,-4.973669459371E1,2.499999999951E0));
#1013=CARTESIAN_POINT('',(1.874626593797E1,-4.971518333563E1,2.500000000023E0));
#1014=CARTESIAN_POINT('',(1.849618803041E1,-4.961153589087E1,2.499999999994E0));
#1015=CARTESIAN_POINT('',(1.828763672508E1,-4.944772066945E1,2.500000000002E0));
#1016=CARTESIAN_POINT('',(1.812634721556E1,-4.923597801836E1,2.5E0));
#1017=CARTESIAN_POINT('',(1.802211752281E1,-4.897815728408E1,2.5E0));
#1018=CARTESIAN_POINT('',(1.800000000012E1,-4.880289638653E1,2.5E0));
#1019=CARTESIAN_POINT('',(1.8E1,-4.871214264281E1,2.5E0));
#1021=DIRECTION('',(-1.E0,1.181064133152E-9,-9.710277008576E-11));
#1022=VECTOR('',#1021,5.000000009434E-1);
#1023=CARTESIAN_POINT('',(1.95E1,-4.973669459431E1,2.5E0));
#1024=LINE('2106',#1023,#1022);
#1025=DIRECTION('',(-1.E0,8.013401640496E-9,-1.714678207731E-9));
#1026=VECTOR('',#1025,4.999999911039E-1);
#1027=CARTESIAN_POINT('',(1.95E1,-3.965831239518E1,2.5E0));
#1028=LINE('1393',#1027,#1026);
#1029=CARTESIAN_POINT('',(1.8E1,-4.112249899920E1,2.5E0));
#1030=CARTESIAN_POINT('',(1.799999999938E1,-4.099344362335E1,2.5E0));
#1031=CARTESIAN_POINT('',(1.802951511688E1,-4.075111451498E1,2.499999999999E0));
#1032=CARTESIAN_POINT('',(1.813210082010E1,-4.043054793205E1,2.500000000002E0));
#1033=CARTESIAN_POINT('',(1.826990771031E1,-4.016476832380E1,2.499999999992E0));
#1034=CARTESIAN_POINT('',(1.843153180023E1,-3.994878747594E1,2.500000000029E0));
#1035=CARTESIAN_POINT('',(1.861206066782E1,-3.978450279093E1,2.499999999893E0));
#1036=CARTESIAN_POINT('',(1.880402991482E1,-3.968165142262E1,2.500000000398E0));
#1037=CARTESIAN_POINT('',(1.893402739076E1,-3.965831239117E1,2.499999999143E0));
#1038=CARTESIAN_POINT('',(1.900000000890E1,-3.965831239117E1,2.499999999143E0));
#1040=CARTESIAN_POINT('',(1.95E1,-3.8E1,0.E0));
#1041=DIRECTION('',(-1.E0,0.E0,0.E0));
#1042=DIRECTION('',(0.E0,-5.527707983926E-1,8.333333333333E-1));
#1043=AXIS2_PLACEMENT_3D('',#1040,#1041,#1042);
#1045=CARTESIAN_POINT('',(1.9E1,-3.8E1,0.E0));
#1046=DIRECTION('',(-1.E0,0.E0,0.E0));
#1047=DIRECTION('',(0.E0,-5.527707971001E-1,8.333333341907E-1));
#1048=AXIS2_PLACEMENT_3D('',#1045,#1046,#1047);
#1050=CARTESIAN_POINT('',(1.8E1,-3.8E1,0.E0));
#1051=DIRECTION('',(1.E0,0.E0,0.E0));
#1052=DIRECTION('',(0.E0,-7.806247497998E-1,-6.25E-1));
#1053=AXIS2_PLACEMENT_3D('',#1050,#1051,#1052);
#1055=CARTESIAN_POINT('',(1.8E1,-4.871214264281E1,-2.5E0));
#1056=CARTESIAN_POINT('',(1.800000000009E1,-4.880289638655E1,-2.5E0));
#1057=CARTESIAN_POINT('',(1.802211752273E1,-4.897815728413E1,-2.5E0));
#1058=CARTESIAN_POINT('',(1.812634721544E1,-4.923597801851E1,-2.5E0));
#1059=CARTESIAN_POINT('',(1.828763672496E1,-4.944772066969E1,
-2.500000000001E0));
#1060=CARTESIAN_POINT('',(1.849618803030E1,-4.961153589114E1,
-2.499999999995E0));
#1061=CARTESIAN_POINT('',(1.874626593797E1,-4.971518333606E1,
-2.500000000017E0));
#1062=CARTESIAN_POINT('',(1.891379354881E1,-4.973669459386E1,
-2.499999999963E0));
#1063=CARTESIAN_POINT('',(1.899999999928E1,-4.973669459386E1,
-2.499999999963E0));
#1065=CARTESIAN_POINT('',(1.900000000968E1,-3.965831239093E1,
-2.499999999215E0));
#1066=CARTESIAN_POINT('',(1.893434977527E1,-3.965831239093E1,
-2.499999999215E0));
#1067=CARTESIAN_POINT('',(1.880475144642E1,-3.968151523868E1,
-2.500000000364E0));
#1068=CARTESIAN_POINT('',(1.861347427154E1,-3.978341040160E1,
-2.499999999902E0));
#1069=CARTESIAN_POINT('',(1.843124966617E1,-3.994892666166E1,
-2.500000000027E0));
#1070=CARTESIAN_POINT('',(1.826956066779E1,-4.016537286331E1,
-2.499999999989E0));
#1071=CARTESIAN_POINT('',(1.813195826136E1,-4.043091001771E1,
-2.500000000015E0));
#1072=CARTESIAN_POINT('',(1.802944818921E1,-4.075145906116E1,
-2.499999999949E0));
#1073=CARTESIAN_POINT('',(1.799999999933E1,-4.099357315541E1,
-2.500000000109E0));
#1074=CARTESIAN_POINT('',(1.8E1,-4.112249899933E1,-2.500000000109E0));
#1076=DIRECTION('',(-1.E0,8.497906543165E-9,1.569919336072E-9));
#1077=VECTOR('',#1076,4.999999903161E-1);
#1078=CARTESIAN_POINT('',(1.95E1,-3.965831239518E1,-2.5E0));
#1079=LINE('1394',#1078,#1077);
#1080=DIRECTION('',(1.E0,-8.961222862031E-10,-7.368239341442E-11));
#1081=VECTOR('',#1080,5.000000007158E-1);
#1082=CARTESIAN_POINT('',(1.899999999928E1,-4.973669459386E1,
-2.499999999963E0));
#1083=LINE('2105',#1082,#1081);
#1084=CARTESIAN_POINT('',(1.9E1,-3.8E1,-1.099999999894E1));
#1085=DIRECTION('',(0.E0,-1.E0,0.E0));
#1086=DIRECTION('',(-1.E0,0.E0,-1.060959320398E-9));
#1087=AXIS2_PLACEMENT_3D('',#1084,#1085,#1086);
#1089=CARTESIAN_POINT('',(1.9E1,-3.8E1,1.1E1));
#1090=DIRECTION('',(0.E0,1.E0,0.E0));
#1091=DIRECTION('',(-1.E0,0.E0,0.E0));
#1092=AXIS2_PLACEMENT_3D('',#1089,#1090,#1091);
#1094=CARTESIAN_POINT('',(1.9E1,-1.8E1,1.1E1));
#1095=DIRECTION('',(0.E0,1.E0,0.E0));
#1096=DIRECTION('',(-1.E0,0.E0,0.E0));
#1097=AXIS2_PLACEMENT_3D('',#1094,#1095,#1096);
#1099=CARTESIAN_POINT('',(1.5E1,-1.8E1,1.1E1));
#1100=DIRECTION('',(0.E0,0.E0,1.E0));
#1101=DIRECTION('',(1.E0,0.E0,0.E0));
#1102=AXIS2_PLACEMENT_3D('',#1099,#1100,#1101);
#1104=CARTESIAN_POINT('',(1.5E1,-1.8E1,-1.1E1));
#1105=DIRECTION('',(0.E0,0.E0,-1.E0));
#1106=DIRECTION('',(0.E0,1.E0,0.E0));
#1107=AXIS2_PLACEMENT_3D('',#1104,#1105,#1106);
#1109=CARTESIAN_POINT('',(1.5E1,-1.4E1,-1.1E1));
#1110=DIRECTION('',(1.E0,0.E0,0.E0));
#1111=DIRECTION('',(0.E0,-1.E0,0.E0));
#1112=AXIS2_PLACEMENT_3D('',#1109,#1110,#1111);
#1114=CARTESIAN_POINT('',(-1.5E1,-1.4E1,-1.1E1));
#1115=DIRECTION('',(1.E0,0.E0,0.E0));
#1116=DIRECTION('',(0.E0,-1.E0,0.E0));
#1117=AXIS2_PLACEMENT_3D('',#1114,#1115,#1116);
#1119=DIRECTION('',(-1.E0,0.E0,0.E0));
#1120=VECTOR('',#1119,2.999999999849E1);
#1121=CARTESIAN_POINT('',(1.499999999925E1,-1.5E1,1.1E1));
#1122=LINE('2072',#1121,#1120);
#1123=DIRECTION('',(1.085192541888E-13,0.E0,-1.E0));
#1124=VECTOR('',#1123,2.2E1);
#1125=CARTESIAN_POINT('',(1.499999999925E1,-1.5E1,1.1E1));
#1126=LINE('2103',#1125,#1124);
#1127=DIRECTION('',(1.E0,0.E0,0.E0));
#1128=VECTOR('',#1127,2.999999999849E1);
#1129=CARTESIAN_POINT('',(-1.499999999925E1,-1.5E1,-1.1E1));
#1130=LINE('2088',#1129,#1128);
#1131=DIRECTION('',(-1.085192541888E-13,0.E0,1.E0));
#1132=VECTOR('',#1131,2.2E1);
#1133=CARTESIAN_POINT('',(-1.499999999925E1,-1.5E1,-1.1E1));
#1134=LINE('2097',#1133,#1132);
#1135=CARTESIAN_POINT('',(1.5E1,-1.4E1,1.1E1));
#1136=DIRECTION('',(-1.E0,0.E0,0.E0));
#1137=DIRECTION('',(0.E0,-1.E0,0.E0));
#1138=AXIS2_PLACEMENT_3D('',#1135,#1136,#1137);
#1140=CARTESIAN_POINT('',(-1.5E1,-1.4E1,1.1E1));
#1141=DIRECTION('',(-1.E0,0.E0,0.E0));
#1142=DIRECTION('',(0.E0,-1.E0,0.E0));
#1143=AXIS2_PLACEMENT_3D('',#1140,#1141,#1142);
#1145=CARTESIAN_POINT('',(-1.5E1,-1.8E1,1.1E1));
#1146=DIRECTION('',(0.E0,0.E0,1.E0));
#1147=DIRECTION('',(0.E0,1.E0,0.E0));
#1148=AXIS2_PLACEMENT_3D('',#1145,#1146,#1147);
#1150=CARTESIAN_POINT('',(-1.5E1,-1.8E1,-1.1E1));
#1151=DIRECTION('',(0.E0,0.E0,-1.E0));
#1152=DIRECTION('',(-1.E0,0.E0,0.E0));
#1153=AXIS2_PLACEMENT_3D('',#1150,#1151,#1152);
#1155=CARTESIAN_POINT('',(-1.9E1,-1.8E1,-1.1E1));
#1156=DIRECTION('',(0.E0,1.E0,0.E0));
#1157=DIRECTION('',(1.E0,0.E0,0.E0));
#1158=AXIS2_PLACEMENT_3D('',#1155,#1156,#1157);
#1160=CARTESIAN_POINT('',(-1.9E1,-3.8E1,-1.1E1));
#1161=DIRECTION('',(0.E0,1.E0,0.E0));
#1162=DIRECTION('',(1.E0,0.E0,0.E0));
#1163=AXIS2_PLACEMENT_3D('',#1160,#1161,#1162);
#1165=CARTESIAN_POINT('',(2.7E1,-3.8E1,-1.1E1));
#1166=DIRECTION('',(0.E0,-1.E0,0.E0));
#1167=DIRECTION('',(0.E0,0.E0,-1.E0));
#1168=AXIS2_PLACEMENT_3D('',#1165,#1166,#1167);
#1170=CARTESIAN_POINT('',(2.7E1,-6.E0,1.1E1));
#1171=DIRECTION('',(0.E0,-1.E0,0.E0));
#1172=DIRECTION('',(1.E0,0.E0,0.E0));
#1173=AXIS2_PLACEMENT_3D('',#1170,#1171,#1172);
#1175=CARTESIAN_POINT('',(2.7E1,-3.8E1,1.1E1));
#1176=DIRECTION('',(0.E0,1.E0,0.E0));
#1177=DIRECTION('',(0.E0,0.E0,1.E0));
#1178=AXIS2_PLACEMENT_3D('',#1175,#1176,#1177);
#1180=CARTESIAN_POINT('',(2.7E1,-6.E0,-1.1E1));
#1181=DIRECTION('',(0.E0,-1.E0,0.E0));
#1182=DIRECTION('',(0.E0,0.E0,-1.E0));
#1183=AXIS2_PLACEMENT_3D('',#1180,#1181,#1182);
#1185=CARTESIAN_POINT('',(2.15E1,-3.3E1,5.E0));
#1186=DIRECTION('',(-1.E0,0.E0,0.E0));
#1187=DIRECTION('',(0.E0,0.E0,-1.E0));
#1188=AXIS2_PLACEMENT_3D('',#1185,#1186,#1187);
#1190=DIRECTION('',(-1.E0,0.E0,0.E0));
#1191=VECTOR('',#1190,3.5E0);
#1192=CARTESIAN_POINT('',(2.15E1,-3.3E1,3.5E0));
#1193=LINE('1209',#1192,#1191);
#1194=CARTESIAN_POINT('',(2.15E1,-4.3E1,5.E0));
#1195=DIRECTION('',(-1.E0,0.E0,0.E0));
#1196=DIRECTION('',(0.E0,0.E0,1.E0));
#1197=AXIS2_PLACEMENT_3D('',#1194,#1195,#1196);
#1199=DIRECTION('',(-1.E0,0.E0,0.E0));
#1200=VECTOR('',#1199,3.5E0);
#1201=CARTESIAN_POINT('',(2.15E1,-4.3E1,6.5E0));
#1202=LINE('1210',#1201,#1200);
#1203=CARTESIAN_POINT('',(2.15E1,-4.3E1,5.E0));
#1204=DIRECTION('',(-1.E0,0.E0,0.E0));
#1205=DIRECTION('',(0.E0,0.E0,-1.E0));
#1206=AXIS2_PLACEMENT_3D('',#1203,#1204,#1205);
#1208=DIRECTION('',(-1.E0,0.E0,0.E0));
#1209=VECTOR('',#1208,3.5E0);
#1210=CARTESIAN_POINT('',(2.15E1,-4.3E1,3.5E0));
#1211=LINE('1211',#1210,#1209);
#1212=CARTESIAN_POINT('',(2.15E1,-4.3E1,-5.E0));
#1213=DIRECTION('',(-1.E0,0.E0,0.E0));
#1214=DIRECTION('',(0.E0,0.E0,1.E0));
#1215=AXIS2_PLACEMENT_3D('',#1212,#1213,#1214);
#1217=DIRECTION('',(-1.E0,0.E0,0.E0));
#1218=VECTOR('',#1217,3.5E0);
#1219=CARTESIAN_POINT('',(2.15E1,-4.3E1,-3.5E0));
#1220=LINE('1212',#1219,#1218);
#1221=CARTESIAN_POINT('',(2.15E1,-4.3E1,-5.E0));
#1222=DIRECTION('',(-1.E0,0.E0,0.E0));
#1223=DIRECTION('',(0.E0,0.E0,-1.E0));
#1224=AXIS2_PLACEMENT_3D('',#1221,#1222,#1223);
#1226=DIRECTION('',(-1.E0,0.E0,0.E0));
#1227=VECTOR('',#1226,3.5E0);
#1228=CARTESIAN_POINT('',(2.15E1,-4.3E1,-6.5E0));
#1229=LINE('1213',#1228,#1227);
#1230=CARTESIAN_POINT('',(2.15E1,-3.3E1,-5.E0));
#1231=DIRECTION('',(-1.E0,0.E0,0.E0));
#1232=DIRECTION('',(0.E0,0.E0,1.E0));
#1233=AXIS2_PLACEMENT_3D('',#1230,#1231,#1232);
#1235=DIRECTION('',(-1.E0,0.E0,0.E0));
#1236=VECTOR('',#1235,3.5E0);
#1237=CARTESIAN_POINT('',(2.15E1,-3.3E1,-3.5E0));
#1238=LINE('1214',#1237,#1236);
#1239=CARTESIAN_POINT('',(2.15E1,-3.3E1,-5.E0));
#1240=DIRECTION('',(-1.E0,0.E0,0.E0));
#1241=DIRECTION('',(0.E0,0.E0,-1.E0));
#1242=AXIS2_PLACEMENT_3D('',#1239,#1240,#1241);
#1244=DIRECTION('',(-1.E0,0.E0,0.E0));
#1245=VECTOR('',#1244,3.5E0);
#1246=CARTESIAN_POINT('',(2.15E1,-3.3E1,-6.5E0));
#1247=LINE('1215',#1246,#1245);
#1248=CARTESIAN_POINT('',(-1.9E1,-3.8E1,0.E0));
#1249=DIRECTION('',(1.E0,0.E0,0.E0));
#1250=DIRECTION('',(0.E0,-5.527707969910E-1,-8.333333342631E-1));
#1251=AXIS2_PLACEMENT_3D('',#1248,#1249,#1250);
#1253=CARTESIAN_POINT('',(-1.8E1,-3.8E1,0.E0));
#1254=DIRECTION('',(-1.E0,0.E0,0.E0));
#1255=DIRECTION('',(0.E0,-7.806247497998E-1,6.25E-1));
#1256=AXIS2_PLACEMENT_3D('',#1253,#1254,#1255);
#1258=CARTESIAN_POINT('',(-1.95E1,-3.8E1,0.E0));
#1259=DIRECTION('',(1.E0,0.E0,0.E0));
#1260=DIRECTION('',(0.E0,-5.527707983926E-1,-8.333333333333E-1));
#1261=AXIS2_PLACEMENT_3D('',#1258,#1259,#1260);
#1263=CARTESIAN_POINT('',(3.742312015831E-12,-4.E0,3.7E1));
#1264=DIRECTION('',(-1.E0,0.E0,1.011430522668E-13));
#1265=DIRECTION('',(0.E0,-1.E0,-1.421085471520E-14));
#1266=AXIS2_PLACEMENT_3D('',#1263,#1264,#1265);
#1268=CARTESIAN_POINT('',(0.E0,-4.E0,0.E0));
#1269=DIRECTION('',(0.E0,-1.E0,0.E0));
#1270=DIRECTION('',(0.E0,0.E0,1.E0));
#1271=AXIS2_PLACEMENT_3D('',#1268,#1269,#1270);
#1273=DIRECTION('',(-1.147750842062E-13,-1.E0,0.E0));
#1274=VECTOR('',#1273,4.E0);
#1275=CARTESIAN_POINT('',(0.E0,0.E0,-3.8E1));
#1276=LINE('1866',#1275,#1274);
#1277=CARTESIAN_POINT('',(0.E0,0.E0,3.8E1));
#1278=CARTESIAN_POINT('',(0.E0,0.E0,-3.8E1));
#1279=VERTEX_POINT('',#1277);
#1280=VERTEX_POINT('',#1278);
#1281=CARTESIAN_POINT('',(-2.8E1,-3.96E1,0.E0));
#1282=CARTESIAN_POINT('',(-2.8E1,-3.64E1,0.E0));
#1283=VERTEX_POINT('',#1281);
#1284=VERTEX_POINT('',#1282);
#1285=CARTESIAN_POINT('',(-1.95E1,-4.973669459431E1,2.5E0));
#1286=CARTESIAN_POINT('',(-1.95E1,-4.973669459431E1,-2.5E0));
#1287=VERTEX_POINT('',#1285);
#1288=VERTEX_POINT('',#1286);
#1289=CARTESIAN_POINT('',(-1.95E1,-3.96E1,0.E0));
#1290=VERTEX_POINT('',#1289);
#1291=CARTESIAN_POINT('',(-1.95E1,-3.965831239518E1,2.5E0));
#1292=VERTEX_POINT('',#1291);
#1293=CARTESIAN_POINT('',(-1.95E1,-3.965831239518E1,-2.5E0));
#1294=VERTEX_POINT('',#1293);
#1295=CARTESIAN_POINT('',(-1.95E1,-3.64E1,0.E0));
#1296=VERTEX_POINT('',#1295);
#1297=VERTEX_POINT('',#346);
#1298=VERTEX_POINT('',#355);
#1299=VERTEX_POINT('',#408);
#1300=VERTEX_POINT('',#417);
#1301=CARTESIAN_POINT('',(-1.8E1,-3.3E1,6.5E0));
#1302=CARTESIAN_POINT('',(-1.8E1,-3.3E1,3.5E0));
#1303=VERTEX_POINT('',#1301);
#1304=VERTEX_POINT('',#1302);
#1305=CARTESIAN_POINT('',(-1.8E1,-4.3E1,6.5E0));
#1306=CARTESIAN_POINT('',(-1.8E1,-4.3E1,3.5E0));
#1307=VERTEX_POINT('',#1305);
#1308=VERTEX_POINT('',#1306);
#1309=CARTESIAN_POINT('',(-1.8E1,-4.3E1,-3.5E0));
#1310=CARTESIAN_POINT('',(-1.8E1,-4.3E1,-6.5E0));
#1311=VERTEX_POINT('',#1309);
#1312=VERTEX_POINT('',#1310);
#1313=CARTESIAN_POINT('',(-1.8E1,-3.3E1,-3.5E0));
#1314=CARTESIAN_POINT('',(-1.8E1,-3.3E1,-6.5E0));
#1315=VERTEX_POINT('',#1313);
#1316=VERTEX_POINT('',#1314);
#1317=CARTESIAN_POINT('',(-2.15E1,-3.3E1,-2.3E0));
#1318=CARTESIAN_POINT('',(-2.15E1,-3.3E1,-7.7E0));
#1319=VERTEX_POINT('',#1317);
#1320=VERTEX_POINT('',#1318);
#1321=CARTESIAN_POINT('',(-2.15E1,-3.3E1,7.7E0));
#1322=CARTESIAN_POINT('',(-2.15E1,-3.3E1,2.3E0));
#1323=VERTEX_POINT('',#1321);
#1324=VERTEX_POINT('',#1322);
#1325=CARTESIAN_POINT('',(-2.15E1,-4.3E1,7.7E0));
#1326=CARTESIAN_POINT('',(-2.15E1,-4.3E1,2.3E0));
#1327=VERTEX_POINT('',#1325);
#1328=VERTEX_POINT('',#1326);
#1329=CARTESIAN_POINT('',(-2.15E1,-4.3E1,-2.3E0));
#1330=CARTESIAN_POINT('',(-2.15E1,-4.3E1,-7.7E0));
#1331=VERTEX_POINT('',#1329);
#1332=VERTEX_POINT('',#1330);
#1333=CARTESIAN_POINT('',(-2.8E1,-3.3E1,-2.3E0));
#1334=CARTESIAN_POINT('',(-2.8E1,-3.3E1,-7.7E0));
#1335=VERTEX_POINT('',#1333);
#1336=VERTEX_POINT('',#1334);
#1337=CARTESIAN_POINT('',(-2.8E1,-3.3E1,7.7E0));
#1338=CARTESIAN_POINT('',(-2.8E1,-3.3E1,2.3E0));
#1339=VERTEX_POINT('',#1337);
#1340=VERTEX_POINT('',#1338);
#1341=CARTESIAN_POINT('',(-2.8E1,-4.3E1,7.7E0));
#1342=CARTESIAN_POINT('',(-2.8E1,-4.3E1,2.3E0));
#1343=VERTEX_POINT('',#1341);
#1344=VERTEX_POINT('',#1342);
#1345=CARTESIAN_POINT('',(-2.8E1,-4.3E1,-2.3E0));
#1346=CARTESIAN_POINT('',(-2.8E1,-4.3E1,-7.7E0));
#1347=VERTEX_POINT('',#1345);
#1348=VERTEX_POINT('',#1346);
#1349=CARTESIAN_POINT('',(-2.15E1,-3.3E1,6.5E0));
#1350=CARTESIAN_POINT('',(-2.15E1,-3.3E1,3.5E0));
#1351=VERTEX_POINT('',#1349);
#1352=VERTEX_POINT('',#1350);
#1353=CARTESIAN_POINT('',(-2.15E1,-4.3E1,6.5E0));
#1354=CARTESIAN_POINT('',(-2.15E1,-4.3E1,3.5E0));
#1355=VERTEX_POINT('',#1353);
#1356=VERTEX_POINT('',#1354);
#1357=CARTESIAN_POINT('',(-2.15E1,-4.3E1,-3.5E0));
#1358=CARTESIAN_POINT('',(-2.15E1,-4.3E1,-6.5E0));
#1359=VERTEX_POINT('',#1357);
#1360=VERTEX_POINT('',#1358);
#1361=CARTESIAN_POINT('',(-2.15E1,-3.3E1,-3.5E0));
#1362=CARTESIAN_POINT('',(-2.15E1,-3.3E1,-6.5E0));
#1363=VERTEX_POINT('',#1361);
#1364=VERTEX_POINT('',#1362);
#1365=CARTESIAN_POINT('',(2.15E1,-3.3E1,-2.3E0));
#1366=CARTESIAN_POINT('',(2.15E1,-3.3E1,-7.7E0));
#1367=VERTEX_POINT('',#1365);
#1368=VERTEX_POINT('',#1366);
#1369=CARTESIAN_POINT('',(2.15E1,-3.3E1,7.7E0));
#1370=CARTESIAN_POINT('',(2.15E1,-3.3E1,2.3E0));
#1371=VERTEX_POINT('',#1369);
#1372=VERTEX_POINT('',#1370);
#1373=CARTESIAN_POINT('',(2.15E1,-4.3E1,7.7E0));
#1374=CARTESIAN_POINT('',(2.15E1,-4.3E1,2.3E0));
#1375=VERTEX_POINT('',#1373);
#1376=VERTEX_POINT('',#1374);
#1377=CARTESIAN_POINT('',(2.15E1,-4.3E1,-2.3E0));
#1378=CARTESIAN_POINT('',(2.15E1,-4.3E1,-7.7E0));
#1379=VERTEX_POINT('',#1377);
#1380=VERTEX_POINT('',#1378);
#1381=CARTESIAN_POINT('',(2.8E1,-3.3E1,-2.3E0));
#1382=VERTEX_POINT('',#1381);
#1383=CARTESIAN_POINT('',(2.8E1,-3.3E1,-7.7E0));
#1384=VERTEX_POINT('',#1383);
#1385=CARTESIAN_POINT('',(2.8E1,-3.3E1,7.7E0));
#1386=VERTEX_POINT('',#1385);
#1387=CARTESIAN_POINT('',(2.8E1,-3.3E1,2.3E0));
#1388=VERTEX_POINT('',#1387);
#1389=CARTESIAN_POINT('',(2.8E1,-4.3E1,7.7E0));
#1390=VERTEX_POINT('',#1389);
#1391=CARTESIAN_POINT('',(2.8E1,-4.3E1,2.3E0));
#1392=VERTEX_POINT('',#1391);
#1393=CARTESIAN_POINT('',(2.8E1,-4.3E1,-2.3E0));
#1394=VERTEX_POINT('',#1393);
#1395=CARTESIAN_POINT('',(2.8E1,-4.3E1,-7.7E0));
#1396=VERTEX_POINT('',#1395);
#1397=CARTESIAN_POINT('',(1.8E1,-3.3E1,6.5E0));
#1398=CARTESIAN_POINT('',(1.8E1,-3.3E1,3.5E0));
#1399=VERTEX_POINT('',#1397);
#1400=VERTEX_POINT('',#1398);
#1401=CARTESIAN_POINT('',(1.8E1,-4.3E1,6.5E0));
#1402=CARTESIAN_POINT('',(1.8E1,-4.3E1,3.5E0));
#1403=VERTEX_POINT('',#1401);
#1404=VERTEX_POINT('',#1402);
#1405=CARTESIAN_POINT('',(1.8E1,-4.3E1,-3.5E0));
#1406=CARTESIAN_POINT('',(1.8E1,-4.3E1,-6.5E0));
#1407=VERTEX_POINT('',#1405);
#1408=VERTEX_POINT('',#1406);
#1409=CARTESIAN_POINT('',(1.8E1,-3.3E1,-3.5E0));
#1410=CARTESIAN_POINT('',(1.8E1,-3.3E1,-6.5E0));
#1411=VERTEX_POINT('',#1409);
#1412=VERTEX_POINT('',#1410);
#1413=CARTESIAN_POINT('',(2.15E1,-3.3E1,6.5E0));
#1414=CARTESIAN_POINT('',(2.15E1,-3.3E1,3.5E0));
#1415=VERTEX_POINT('',#1413);
#1416=VERTEX_POINT('',#1414);
#1417=CARTESIAN_POINT('',(2.15E1,-4.3E1,6.5E0));
#1418=CARTESIAN_POINT('',(2.15E1,-4.3E1,3.5E0));
#1419=VERTEX_POINT('',#1417);
#1420=VERTEX_POINT('',#1418);
#1421=CARTESIAN_POINT('',(2.15E1,-4.3E1,-3.5E0));
#1422=CARTESIAN_POINT('',(2.15E1,-4.3E1,-6.5E0));
#1423=VERTEX_POINT('',#1421);
#1424=VERTEX_POINT('',#1422);
#1425=CARTESIAN_POINT('',(2.15E1,-3.3E1,-3.5E0));
#1426=CARTESIAN_POINT('',(2.15E1,-3.3E1,-6.5E0));
#1427=VERTEX_POINT('',#1425);
#1428=VERTEX_POINT('',#1426);
#1429=CARTESIAN_POINT('',(1.95E1,-3.965831239518E1,2.5E0));
#1430=CARTESIAN_POINT('',(1.95E1,-3.965831239518E1,-2.5E0));
#1431=VERTEX_POINT('',#1429);
#1432=VERTEX_POINT('',#1430);
#1433=CARTESIAN_POINT('',(2.8E1,-3.64E1,0.E0));
#1434=CARTESIAN_POINT('',(2.8E1,-3.96E1,0.E0));
#1435=VERTEX_POINT('',#1433);
#1436=VERTEX_POINT('',#1434);
#1437=CARTESIAN_POINT('',(1.95E1,-3.64E1,0.E0));
#1438=CARTESIAN_POINT('',(1.95E1,-3.96E1,0.E0));
#1439=VERTEX_POINT('',#1437);
#1440=VERTEX_POINT('',#1438);
#1441=VERTEX_POINT('',#1065);
#1442=VERTEX_POINT('',#1074);
#1443=VERTEX_POINT('',#1029);
#1444=VERTEX_POINT('',#1038);
#1445=CARTESIAN_POINT('',(1.95E1,-4.973669459431E1,-2.5E0));
#1446=CARTESIAN_POINT('',(1.95E1,-4.973669459431E1,2.5E0));
#1447=VERTEX_POINT('',#1445);
#1448=VERTEX_POINT('',#1446);
#1449=CARTESIAN_POINT('',(2.7E1,-3.8E1,-1.2E1));
#1450=CARTESIAN_POINT('',(2.7E1,-3.8E1,1.2E1));
#1451=VERTEX_POINT('',#1449);
#1452=VERTEX_POINT('',#1450);
#1453=CARTESIAN_POINT('',(2.8E1,-3.8E1,-1.1E1));
#1454=CARTESIAN_POINT('',(2.8E1,-3.8E1,1.1E1));
#1455=VERTEX_POINT('',#1453);
#1456=VERTEX_POINT('',#1454);
#1457=CARTESIAN_POINT('',(-2.7E1,-3.8E1,1.2E1));
#1458=CARTESIAN_POINT('',(-2.7E1,-3.8E1,-1.2E1));
#1459=VERTEX_POINT('',#1457);
#1460=VERTEX_POINT('',#1458);
#1461=CARTESIAN_POINT('',(-2.8E1,-3.8E1,1.1E1));
#1462=CARTESIAN_POINT('',(-2.8E1,-3.8E1,-1.1E1));
#1463=VERTEX_POINT('',#1461);
#1464=VERTEX_POINT('',#1462);
#1465=CARTESIAN_POINT('',(1.94E1,0.E0,-2.1E1));
#1466=CARTESIAN_POINT('',(2.26E1,0.E0,-2.1E1));
#1467=VERTEX_POINT('',#1465);
#1468=VERTEX_POINT('',#1466);
#1469=CARTESIAN_POINT('',(1.94E1,0.E0,2.1E1));
#1470=CARTESIAN_POINT('',(2.26E1,0.E0,2.1E1));
#1471=VERTEX_POINT('',#1469);
#1472=VERTEX_POINT('',#1470);
#1473=CARTESIAN_POINT('',(-2.26E1,0.E0,2.1E1));
#1474=CARTESIAN_POINT('',(-1.94E1,0.E0,2.1E1));
#1475=VERTEX_POINT('',#1473);
#1476=VERTEX_POINT('',#1474);
#1477=CARTESIAN_POINT('',(-2.26E1,0.E0,-2.1E1));
#1478=CARTESIAN_POINT('',(-1.94E1,0.E0,-2.1E1));
#1479=VERTEX_POINT('',#1477);
#1480=VERTEX_POINT('',#1478);
#1481=CARTESIAN_POINT('',(1.94E1,-5.E0,-2.1E1));
#1482=CARTESIAN_POINT('',(2.26E1,-5.E0,-2.1E1));
#1483=VERTEX_POINT('',#1481);
#1484=VERTEX_POINT('',#1482);
#1485=CARTESIAN_POINT('',(1.94E1,-5.E0,2.1E1));
#1486=CARTESIAN_POINT('',(2.26E1,-5.E0,2.1E1));
#1487=VERTEX_POINT('',#1485);
#1488=VERTEX_POINT('',#1486);
#1489=CARTESIAN_POINT('',(-2.26E1,-5.E0,2.1E1));
#1490=CARTESIAN_POINT('',(-1.94E1,-5.E0,2.1E1));
#1491=VERTEX_POINT('',#1489);
#1492=VERTEX_POINT('',#1490);
#1493=CARTESIAN_POINT('',(-2.26E1,-5.E0,-2.1E1));
#1494=CARTESIAN_POINT('',(-1.94E1,-5.E0,-2.1E1));
#1495=VERTEX_POINT('',#1493);
#1496=VERTEX_POINT('',#1494);
#1497=CARTESIAN_POINT('',(-2.7E1,-5.E0,1.3E1));
#1498=CARTESIAN_POINT('',(-2.9E1,-5.E0,1.1E1));
#1499=VERTEX_POINT('',#1497);
#1500=VERTEX_POINT('',#1498);
#1501=CARTESIAN_POINT('',(-2.7E1,-6.E0,1.2E1));
#1502=CARTESIAN_POINT('',(-2.8E1,-6.E0,1.1E1));
#1503=VERTEX_POINT('',#1501);
#1504=VERTEX_POINT('',#1502);
#1505=CARTESIAN_POINT('',(-2.899999999998E1,-5.E0,-1.100000000049E1));
#1506=VERTEX_POINT('',#1505);
#1507=CARTESIAN_POINT('',(-2.8E1,-6.E0,-1.100000000023E1));
#1508=VERTEX_POINT('',#1507);
#1509=CARTESIAN_POINT('',(-2.7E1,-5.E0,-1.3E1));
#1510=VERTEX_POINT('',#1509);
#1511=CARTESIAN_POINT('',(-2.7E1,-6.E0,-1.2E1));
#1512=VERTEX_POINT('',#1511);
#1513=CARTESIAN_POINT('',(2.700000000128E1,-5.E0,-1.299999999962E1));
#1514=VERTEX_POINT('',#1513);
#1515=CARTESIAN_POINT('',(2.700000000062E1,-6.E0,-1.2E1));
#1516=VERTEX_POINT('',#1515);
#1517=CARTESIAN_POINT('',(2.9E1,-5.E0,-1.1E1));
#1518=VERTEX_POINT('',#1517);
#1519=CARTESIAN_POINT('',(2.8E1,-6.E0,-1.1E1));
#1520=VERTEX_POINT('',#1519);
#1521=CARTESIAN_POINT('',(2.899999999998E1,-5.E0,1.100000000049E1));
#1522=VERTEX_POINT('',#1521);
#1523=CARTESIAN_POINT('',(2.8E1,-6.E0,1.100000000023E1));
#1524=VERTEX_POINT('',#1523);
#1525=CARTESIAN_POINT('',(2.7E1,-5.E0,1.3E1));
#1526=VERTEX_POINT('',#1525);
#1527=CARTESIAN_POINT('',(2.7E1,-6.E0,1.2E1));
#1528=VERTEX_POINT('',#1527);
#1529=CARTESIAN_POINT('',(0.E0,-5.E0,-3.7E1));
#1530=CARTESIAN_POINT('',(0.E0,-5.E0,3.7E1));
#1531=VERTEX_POINT('',#1529);
#1532=VERTEX_POINT('',#1530);
#1533=CARTESIAN_POINT('',(0.E0,-4.E0,-3.8E1));
#1534=CARTESIAN_POINT('',(0.E0,-4.E0,3.8E1));
#1535=VERTEX_POINT('',#1533);
#1536=VERTEX_POINT('',#1534);
#1537=VERTEX_POINT('',#336);
#1538=VERTEX_POINT('',#344);
#1539=CARTESIAN_POINT('',(-1.9E1,-3.8E1,1.2E1));
#1540=VERTEX_POINT('',#1539);
#1541=CARTESIAN_POINT('',(-1.8E1,-3.8E1,1.099999999860E1));
#1542=VERTEX_POINT('',#1541);
#1543=CARTESIAN_POINT('',(-1.8E1,-1.800000000071E1,1.1E1));
#1544=VERTEX_POINT('',#1543);
#1545=CARTESIAN_POINT('',(-1.899999999991E1,-1.800000000023E1,1.2E1));
#1546=VERTEX_POINT('',#1545);
#1547=CARTESIAN_POINT('',(-1.5E1,-1.5E1,1.1E1));
#1548=VERTEX_POINT('',#1547);
#1549=CARTESIAN_POINT('',(-1.5E1,-1.4E1,1.2E1));
#1550=VERTEX_POINT('',#1549);
#1551=CARTESIAN_POINT('',(1.499999999925E1,-1.5E1,1.1E1));
#1552=VERTEX_POINT('',#1551);
#1553=CARTESIAN_POINT('',(1.499999999974E1,-1.400000000011E1,1.2E1));
#1554=VERTEX_POINT('',#1553);
#1555=CARTESIAN_POINT('',(1.8E1,-1.8E1,1.1E1));
#1556=VERTEX_POINT('',#1555);
#1557=CARTESIAN_POINT('',(1.9E1,-1.8E1,1.2E1));
#1558=VERTEX_POINT('',#1557);
#1559=CARTESIAN_POINT('',(1.8E1,-3.8E1,1.1E1));
#1560=VERTEX_POINT('',#1559);
#1561=CARTESIAN_POINT('',(1.9E1,-3.799999999995E1,1.199999999965E1));
#1562=VERTEX_POINT('',#1561);
#1563=VERTEX_POINT('',#1011);
#1564=VERTEX_POINT('',#1019);
#1565=VERTEX_POINT('',#1055);
#1566=VERTEX_POINT('',#1063);
#1567=CARTESIAN_POINT('',(1.9E1,-3.8E1,-1.2E1));
#1568=VERTEX_POINT('',#1567);
#1569=CARTESIAN_POINT('',(1.8E1,-3.8E1,-1.099999999894E1));
#1570=VERTEX_POINT('',#1569);
#1571=CARTESIAN_POINT('',(1.8E1,-1.800000000071E1,-1.1E1));
#1572=VERTEX_POINT('',#1571);
#1573=CARTESIAN_POINT('',(1.899999999991E1,-1.800000000023E1,-1.2E1));
#1574=VERTEX_POINT('',#1573);
#1575=CARTESIAN_POINT('',(1.5E1,-1.5E1,-1.1E1));
#1576=VERTEX_POINT('',#1575);
#1577=CARTESIAN_POINT('',(1.5E1,-1.4E1,-1.2E1));
#1578=VERTEX_POINT('',#1577);
#1579=CARTESIAN_POINT('',(-1.499999999925E1,-1.5E1,-1.1E1));
#1580=VERTEX_POINT('',#1579);
#1581=CARTESIAN_POINT('',(-1.499999999974E1,-1.400000000011E1,-1.2E1));
#1582=VERTEX_POINT('',#1581);
#1583=CARTESIAN_POINT('',(-1.8E1,-1.8E1,-1.1E1));
#1584=VERTEX_POINT('',#1583);
#1585=CARTESIAN_POINT('',(-1.9E1,-1.8E1,-1.2E1));
#1586=VERTEX_POINT('',#1585);
#1587=CARTESIAN_POINT('',(-1.8E1,-3.8E1,-1.1E1));
#1588=VERTEX_POINT('',#1587);
#1589=CARTESIAN_POINT('',(-1.9E1,-3.799999999997E1,-1.199999999973E1));
#1590=VERTEX_POINT('',#1589);
#1591=VERTEX_POINT('',#394);
#1592=VERTEX_POINT('',#402);
#1593=CARTESIAN_POINT('',(0.E0,0.E0,0.E0));
#1594=DIRECTION('',(0.E0,1.E0,0.E0));
#1595=DIRECTION('',(0.E0,0.E0,1.E0));
#1596=AXIS2_PLACEMENT_3D('',#1593,#1594,#1595);
#1597=PLANE('57',#1596);
#1599=ORIENTED_EDGE('58',*,*,#1598,.F.);
#1601=ORIENTED_EDGE('59',*,*,#1600,.F.);
#1602=EDGE_LOOP('57',(#1599,#1601));
#1603=FACE_OUTER_BOUND('57',#1602,.F.);
#1605=ORIENTED_EDGE('1733',*,*,#1604,.T.);
#1607=ORIENTED_EDGE('1734',*,*,#1606,.T.);
#1608=EDGE_LOOP('57',(#1605,#1607));
#1609=FACE_BOUND('57',#1608,.F.);
#1611=ORIENTED_EDGE('1735',*,*,#1610,.T.);
#1613=ORIENTED_EDGE('1736',*,*,#1612,.T.);
#1614=EDGE_LOOP('57',(#1611,#1613));
#1615=FACE_BOUND('57',#1614,.F.);
#1617=ORIENTED_EDGE('1737',*,*,#1616,.T.);
#1619=ORIENTED_EDGE('1738',*,*,#1618,.T.);
#1620=EDGE_LOOP('57',(#1617,#1619));
#1621=FACE_BOUND('57',#1620,.F.);
#1623=ORIENTED_EDGE('1739',*,*,#1622,.T.);
#1625=ORIENTED_EDGE('1740',*,*,#1624,.T.);
#1626=EDGE_LOOP('57',(#1623,#1625));
#1627=FACE_BOUND('57',#1626,.F.);
#1629=CARTESIAN_POINT('',(0.E0,0.E0,0.E0));
#1630=DIRECTION('',(0.E0,1.E0,0.E0));
#1631=DIRECTION('',(0.E0,0.E0,1.E0));
#1632=AXIS2_PLACEMENT_3D('',#1629,#1630,#1631);
#1633=CYLINDRICAL_SURFACE('63',#1632,3.8E1);
#1635=ORIENTED_EDGE('1862',*,*,#1634,.T.);
#1637=ORIENTED_EDGE('1865',*,*,#1636,.F.);
#1638=ORIENTED_EDGE('58',*,*,#1598,.T.);
#1640=ORIENTED_EDGE('1866',*,*,#1639,.T.);
#1641=EDGE_LOOP('63',(#1635,#1637,#1638,#1640));
#1642=FACE_OUTER_BOUND('63',#1641,.F.);
#1644=CARTESIAN_POINT('',(0.E0,-4.E0,0.E0));
#1645=DIRECTION('',(0.E0,1.E0,0.E0));
#1646=DIRECTION('',(-5.748284132464E-3,0.E0,-9.999834784783E-1));
#1647=AXIS2_PLACEMENT_3D('',#1644,#1645,#1646);
#1648=TOROIDAL_SURFACE('1858',#1647,3.7E1,1.E0);
#1650=ORIENTED_EDGE('1861',*,*,#1649,.T.);
#1652=ORIENTED_EDGE('1867',*,*,#1651,.T.);
#1653=ORIENTED_EDGE('1862',*,*,#1634,.F.);
#1655=ORIENTED_EDGE('1868',*,*,#1654,.F.);
#1656=EDGE_LOOP('1858',(#1650,#1652,#1653,#1655));
#1657=FACE_OUTER_BOUND('1858',#1656,.F.);
#1659=CARTESIAN_POINT('',(0.E0,-5.E0,0.E0));
#1660=DIRECTION('',(0.E0,1.E0,0.E0));
#1661=DIRECTION('',(0.E0,0.E0,1.E0));
#1662=AXIS2_PLACEMENT_3D('',#1659,#1660,#1661);
#1663=PLANE('60',#1662);
#1664=ORIENTED_EDGE('1861',*,*,#1649,.F.);
#1666=ORIENTED_EDGE('1863',*,*,#1665,.F.);
#1667=EDGE_LOOP('60',(#1664,#1666));
#1668=FACE_OUTER_BOUND('60',#1667,.F.);
#1670=ORIENTED_EDGE('1743',*,*,#1669,.F.);
#1672=ORIENTED_EDGE('1744',*,*,#1671,.F.);
#1673=EDGE_LOOP('60',(#1670,#1672));
#1674=FACE_BOUND('60',#1673,.F.);
#1676=ORIENTED_EDGE('1745',*,*,#1675,.F.);
#1678=ORIENTED_EDGE('1746',*,*,#1677,.F.);
#1679=EDGE_LOOP('60',(#1676,#1678));
#1680=FACE_BOUND('60',#1679,.F.);
#1682=ORIENTED_EDGE('1747',*,*,#1681,.F.);
#1684=ORIENTED_EDGE('1748',*,*,#1683,.F.);
#1685=EDGE_LOOP('60',(#1682,#1684));
#1686=FACE_BOUND('60',#1685,.F.);
#1688=ORIENTED_EDGE('1812',*,*,#1687,.T.);
#1690=ORIENTED_EDGE('1814',*,*,#1689,.T.);
#1692=ORIENTED_EDGE('1816',*,*,#1691,.T.);
#1694=ORIENTED_EDGE('1818',*,*,#1693,.T.);
#1696=ORIENTED_EDGE('1820',*,*,#1695,.T.);
#1698=ORIENTED_EDGE('1822',*,*,#1697,.T.);
#1700=ORIENTED_EDGE('1824',*,*,#1699,.T.);
#1702=ORIENTED_EDGE('1826',*,*,#1701,.T.);
#1703=EDGE_LOOP('60',(#1688,#1690,#1692,#1694,#1696,#1698,#1700,#1702));
#1704=FACE_BOUND('60',#1703,.F.);
#1706=ORIENTED_EDGE('1741',*,*,#1705,.F.);
#1708=ORIENTED_EDGE('1742',*,*,#1707,.F.);
#1709=EDGE_LOOP('60',(#1706,#1708));
#1710=FACE_BOUND('60',#1709,.F.);
#1712=CARTESIAN_POINT('',(2.1E1,0.E0,-2.1E1));
#1713=DIRECTION('',(0.E0,1.E0,0.E0));
#1714=DIRECTION('',(-1.E0,0.E0,0.E0));
#1715=AXIS2_PLACEMENT_3D('',#1712,#1713,#1714);
#1716=CYLINDRICAL_SURFACE('1708',#1715,1.6E0);
#1717=ORIENTED_EDGE('1733',*,*,#1604,.F.);
#1719=ORIENTED_EDGE('1749',*,*,#1718,.T.);
#1720=ORIENTED_EDGE('1741',*,*,#1705,.T.);
#1722=ORIENTED_EDGE('1750',*,*,#1721,.F.);
#1723=EDGE_LOOP('1708',(#1717,#1719,#1720,#1722));
#1724=FACE_OUTER_BOUND('1708',#1723,.F.);
#1726=CARTESIAN_POINT('',(2.1E1,0.E0,-2.1E1));
#1727=DIRECTION('',(0.E0,1.E0,0.E0));
#1728=DIRECTION('',(-1.E0,0.E0,0.E0));
#1729=AXIS2_PLACEMENT_3D('',#1726,#1727,#1728);
#1730=CYLINDRICAL_SURFACE('1710',#1729,1.6E0);
#1731=ORIENTED_EDGE('1734',*,*,#1606,.F.);
#1732=ORIENTED_EDGE('1750',*,*,#1721,.T.);
#1733=ORIENTED_EDGE('1742',*,*,#1707,.T.);
#1734=ORIENTED_EDGE('1749',*,*,#1718,.F.);
#1735=EDGE_LOOP('1710',(#1731,#1732,#1733,#1734));
#1736=FACE_OUTER_BOUND('1710',#1735,.F.);
#1738=CARTESIAN_POINT('',(2.1E1,0.E0,2.1E1));
#1739=DIRECTION('',(0.E0,1.E0,0.E0));
#1740=DIRECTION('',(-1.E0,0.E0,0.E0));
#1741=AXIS2_PLACEMENT_3D('',#1738,#1739,#1740);
#1742=CYLINDRICAL_SURFACE('1712',#1741,1.6E0);
#1743=ORIENTED_EDGE('1735',*,*,#1610,.F.);
#1745=ORIENTED_EDGE('1751',*,*,#1744,.T.);
#1746=ORIENTED_EDGE('1743',*,*,#1669,.T.);
#1748=ORIENTED_EDGE('1752',*,*,#1747,.F.);
#1749=EDGE_LOOP('1712',(#1743,#1745,#1746,#1748));
#1750=FACE_OUTER_BOUND('1712',#1749,.F.);
#1752=CARTESIAN_POINT('',(2.1E1,0.E0,2.1E1));
#1753=DIRECTION('',(0.E0,1.E0,0.E0));
#1754=DIRECTION('',(-1.E0,0.E0,0.E0));
#1755=AXIS2_PLACEMENT_3D('',#1752,#1753,#1754);
#1756=CYLINDRICAL_SURFACE('1714',#1755,1.6E0);
#1757=ORIENTED_EDGE('1736',*,*,#1612,.F.);
#1758=ORIENTED_EDGE('1752',*,*,#1747,.T.);
#1759=ORIENTED_EDGE('1744',*,*,#1671,.T.);
#1760=ORIENTED_EDGE('1751',*,*,#1744,.F.);
#1761=EDGE_LOOP('1714',(#1757,#1758,#1759,#1760));
#1762=FACE_OUTER_BOUND('1714',#1761,.F.);
#1764=CARTESIAN_POINT('',(-2.1E1,0.E0,2.1E1));
#1765=DIRECTION('',(0.E0,1.E0,0.E0));
#1766=DIRECTION('',(-1.E0,0.E0,0.E0));
#1767=AXIS2_PLACEMENT_3D('',#1764,#1765,#1766);
#1768=CYLINDRICAL_SURFACE('1716',#1767,1.6E0);
#1769=ORIENTED_EDGE('1737',*,*,#1616,.F.);
#1771=ORIENTED_EDGE('1753',*,*,#1770,.T.);
#1772=ORIENTED_EDGE('1745',*,*,#1675,.T.);
#1774=ORIENTED_EDGE('1754',*,*,#1773,.F.);
#1775=EDGE_LOOP('1716',(#1769,#1771,#1772,#1774));
#1776=FACE_OUTER_BOUND('1716',#1775,.F.);
#1778=CARTESIAN_POINT('',(-2.1E1,0.E0,2.1E1));
#1779=DIRECTION('',(0.E0,1.E0,0.E0));
#1780=DIRECTION('',(-1.E0,0.E0,0.E0));
#1781=AXIS2_PLACEMENT_3D('',#1778,#1779,#1780);
#1782=CYLINDRICAL_SURFACE('1718',#1781,1.6E0);
#1783=ORIENTED_EDGE('1738',*,*,#1618,.F.);
#1784=ORIENTED_EDGE('1754',*,*,#1773,.T.);
#1785=ORIENTED_EDGE('1746',*,*,#1677,.T.);
#1786=ORIENTED_EDGE('1753',*,*,#1770,.F.);
#1787=EDGE_LOOP('1718',(#1783,#1784,#1785,#1786));
#1788=FACE_OUTER_BOUND('1718',#1787,.F.);
#1790=CARTESIAN_POINT('',(-2.1E1,0.E0,-2.1E1));
#1791=DIRECTION('',(0.E0,1.E0,0.E0));
#1792=DIRECTION('',(-1.E0,0.E0,0.E0));
#1793=AXIS2_PLACEMENT_3D('',#1790,#1791,#1792);
#1794=CYLINDRICAL_SURFACE('1720',#1793,1.6E0);
#1795=ORIENTED_EDGE('1739',*,*,#1622,.F.);
#1797=ORIENTED_EDGE('1755',*,*,#1796,.T.);
#1798=ORIENTED_EDGE('1747',*,*,#1681,.T.);
#1800=ORIENTED_EDGE('1756',*,*,#1799,.F.);
#1801=EDGE_LOOP('1720',(#1795,#1797,#1798,#1800));
#1802=FACE_OUTER_BOUND('1720',#1801,.F.);
#1804=CARTESIAN_POINT('',(-2.1E1,0.E0,-2.1E1));
#1805=DIRECTION('',(0.E0,1.E0,0.E0));
#1806=DIRECTION('',(-1.E0,0.E0,0.E0));
#1807=AXIS2_PLACEMENT_3D('',#1804,#1805,#1806);
#1808=CYLINDRICAL_SURFACE('1722',#1807,1.6E0);
#1809=ORIENTED_EDGE('1740',*,*,#1624,.F.);
#1810=ORIENTED_EDGE('1756',*,*,#1799,.T.);
#1811=ORIENTED_EDGE('1748',*,*,#1683,.T.);
#1812=ORIENTED_EDGE('1755',*,*,#1796,.F.);
#1813=EDGE_LOOP('1722',(#1809,#1810,#1811,#1812));
#1814=FACE_OUTER_BOUND('1722',#1813,.F.);
#1816=CARTESIAN_POINT('',(-2.7E1,-6.E0,1.1E1));
#1817=DIRECTION('',(0.E0,-1.E0,0.E0));
#1818=DIRECTION('',(1.531627522323E-1,0.E0,9.882009771947E-1));
#1819=AXIS2_PLACEMENT_3D('',#1816,#1817,#1818);
#1820=TOROIDAL_SURFACE('1809',#1819,2.E0,1.E0);
#1821=ORIENTED_EDGE('1812',*,*,#1687,.F.);
#1823=ORIENTED_EDGE('1837',*,*,#1822,.T.);
#1825=ORIENTED_EDGE('1813',*,*,#1824,.T.);
#1827=ORIENTED_EDGE('1843',*,*,#1826,.F.);
#1828=EDGE_LOOP('1809',(#1821,#1823,#1825,#1827));
#1829=FACE_OUTER_BOUND('1809',#1828,.F.);
#1831=CARTESIAN_POINT('',(2.7153768E1,-6.E0,1.3E1));
#1832=DIRECTION('',(-1.E0,0.E0,0.E0));
#1833=DIRECTION('',(0.E0,1.E0,0.E0));
#1834=AXIS2_PLACEMENT_3D('',#1831,#1832,#1833);
#1835=CYLINDRICAL_SURFACE('1780',#1834,1.E0);
#1836=ORIENTED_EDGE('1826',*,*,#1701,.F.);
#1838=ORIENTED_EDGE('1836',*,*,#1837,.T.);
#1840=ORIENTED_EDGE('1827',*,*,#1839,.T.);
#1841=ORIENTED_EDGE('1837',*,*,#1822,.F.);
#1842=EDGE_LOOP('1780',(#1836,#1838,#1840,#1841));
#1843=FACE_OUTER_BOUND('1780',#1842,.F.);
#1845=CARTESIAN_POINT('',(2.7E1,-6.E0,1.1E1));
#1846=DIRECTION('',(0.E0,1.E0,0.E0));
#1847=DIRECTION('',(9.762375667528E-1,0.E0,-2.167030531871E-1));
#1848=AXIS2_PLACEMENT_3D('',#1845,#1846,#1847);
#1849=TOROIDAL_SURFACE('1785',#1848,2.E0,1.E0);
#1850=ORIENTED_EDGE('1824',*,*,#1699,.F.);
#1852=ORIENTED_EDGE('1838',*,*,#1851,.T.);
#1854=ORIENTED_EDGE('1825',*,*,#1853,.T.);
#1855=ORIENTED_EDGE('1836',*,*,#1837,.F.);
#1856=EDGE_LOOP('1785',(#1850,#1852,#1854,#1855));
#1857=FACE_OUTER_BOUND('1785',#1856,.F.);
#1859=CARTESIAN_POINT('',(2.9E1,-6.E0,-1.1153768E1));
#1860=DIRECTION('',(0.E0,0.E0,1.E0));
#1861=DIRECTION('',(0.E0,1.E0,0.E0));
#1862=AXIS2_PLACEMENT_3D('',#1859,#1860,#1861);
#1863=CYLINDRICAL_SURFACE('1789',#1862,1.E0);
#1864=ORIENTED_EDGE('1822',*,*,#1697,.F.);
#1866=ORIENTED_EDGE('1839',*,*,#1865,.T.);
#1868=ORIENTED_EDGE('1823',*,*,#1867,.T.);
#1869=ORIENTED_EDGE('1838',*,*,#1851,.F.);
#1870=EDGE_LOOP('1789',(#1864,#1866,#1868,#1869));
#1871=FACE_OUTER_BOUND('1789',#1870,.F.);
#1873=CARTESIAN_POINT('',(2.7E1,-6.E0,-1.1E1));
#1874=DIRECTION('',(0.E0,-1.E0,0.E0));
#1875=DIRECTION('',(-1.531627522323E-1,0.E0,-9.882009771947E-1));
#1876=AXIS2_PLACEMENT_3D('',#1873,#1874,#1875);
#1877=TOROIDAL_SURFACE('1793',#1876,2.E0,1.E0);
#1878=ORIENTED_EDGE('1820',*,*,#1695,.F.);
#1880=ORIENTED_EDGE('1840',*,*,#1879,.T.);
#1882=ORIENTED_EDGE('1821',*,*,#1881,.T.);
#1883=ORIENTED_EDGE('1839',*,*,#1865,.F.);
#1884=EDGE_LOOP('1793',(#1878,#1880,#1882,#1883));
#1885=FACE_OUTER_BOUND('1793',#1884,.F.);
#1887=CARTESIAN_POINT('',(-2.7153768E1,-6.E0,-1.3E1));
#1888=DIRECTION('',(1.E0,0.E0,0.E0));
#1889=DIRECTION('',(0.E0,1.E0,0.E0));
#1890=AXIS2_PLACEMENT_3D('',#1887,#1888,#1889);
#1891=CYLINDRICAL_SURFACE('1797',#1890,1.E0);
#1892=ORIENTED_EDGE('1818',*,*,#1693,.F.);
#1894=ORIENTED_EDGE('1841',*,*,#1893,.T.);
#1896=ORIENTED_EDGE('1819',*,*,#1895,.T.);
#1897=ORIENTED_EDGE('1840',*,*,#1879,.F.);
#1898=EDGE_LOOP('1797',(#1892,#1894,#1896,#1897));
#1899=FACE_OUTER_BOUND('1797',#1898,.F.);
#1901=CARTESIAN_POINT('',(-2.7E1,-6.E0,-1.1E1));
#1902=DIRECTION('',(0.E0,1.E0,0.E0));
#1903=DIRECTION('',(-9.762375667528E-1,0.E0,2.167030531871E-1));
#1904=AXIS2_PLACEMENT_3D('',#1901,#1902,#1903);
#1905=TOROIDAL_SURFACE('1801',#1904,2.E0,1.E0);
#1906=ORIENTED_EDGE('1816',*,*,#1691,.F.);
#1908=ORIENTED_EDGE('1842',*,*,#1907,.T.);
#1910=ORIENTED_EDGE('1817',*,*,#1909,.T.);
#1911=ORIENTED_EDGE('1841',*,*,#1893,.F.);
#1912=EDGE_LOOP('1801',(#1906,#1908,#1910,#1911));
#1913=FACE_OUTER_BOUND('1801',#1912,.F.);
#1915=CARTESIAN_POINT('',(-2.9E1,-6.E0,1.1153768E1));
#1916=DIRECTION('',(0.E0,0.E0,-1.E0));
#1917=DIRECTION('',(0.E0,1.E0,0.E0));
#1918=AXIS2_PLACEMENT_3D('',#1915,#1916,#1917);
#1919=CYLINDRICAL_SURFACE('1805',#1918,1.E0);
#1920=ORIENTED_EDGE('1814',*,*,#1689,.F.);
#1921=ORIENTED_EDGE('1843',*,*,#1826,.T.);
#1923=ORIENTED_EDGE('1815',*,*,#1922,.T.);
#1924=ORIENTED_EDGE('1842',*,*,#1907,.F.);
#1925=EDGE_LOOP('1805',(#1920,#1921,#1923,#1924));
#1926=FACE_OUTER_BOUND('1805',#1925,.F.);
#1928=CARTESIAN_POINT('',(-2.8E1,-5.E0,1.2E1));
#1929=DIRECTION('',(-1.E0,0.E0,0.E0));
#1930=DIRECTION('',(0.E0,0.E0,-1.E0));
#1931=AXIS2_PLACEMENT_3D('',#1928,#1929,#1930);
#1932=PLANE('97',#1931);
#1933=ORIENTED_EDGE('1815',*,*,#1922,.F.);
#1935=ORIENTED_EDGE('1835',*,*,#1934,.T.);
#1937=ORIENTED_EDGE('1646',*,*,#1936,.T.);
#1939=ORIENTED_EDGE('1832',*,*,#1938,.T.);
#1940=EDGE_LOOP('97',(#1933,#1935,#1937,#1939));
#1941=FACE_OUTER_BOUND('97',#1940,.F.);
#1943=ORIENTED_EDGE('678',*,*,#1942,.T.);
#1945=ORIENTED_EDGE('679',*,*,#1944,.T.);
#1946=EDGE_LOOP('97',(#1943,#1945));
#1947=FACE_BOUND('97',#1946,.F.);
#1949=ORIENTED_EDGE('680',*,*,#1948,.T.);
#1951=ORIENTED_EDGE('681',*,*,#1950,.T.);
#1952=EDGE_LOOP('97',(#1949,#1951));
#1953=FACE_BOUND('97',#1952,.F.);
#1955=ORIENTED_EDGE('682',*,*,#1954,.T.);
#1957=ORIENTED_EDGE('683',*,*,#1956,.T.);
#1958=EDGE_LOOP('97',(#1955,#1957));
#1959=FACE_BOUND('97',#1958,.F.);
#1961=ORIENTED_EDGE('684',*,*,#1960,.T.);
#1963=ORIENTED_EDGE('685',*,*,#1962,.T.);
#1964=EDGE_LOOP('97',(#1961,#1963));
#1965=FACE_BOUND('97',#1964,.F.);
#1967=ORIENTED_EDGE('238',*,*,#1966,.T.);
#1969=ORIENTED_EDGE('239',*,*,#1968,.T.);
#1970=EDGE_LOOP('97',(#1967,#1969));
#1971=FACE_BOUND('97',#1970,.F.);
#1973=CARTESIAN_POINT('',(-1.8E1,-3.8E1,0.E0));
#1974=DIRECTION('',(-1.E0,0.E0,0.E0));
#1975=DIRECTION('',(0.E0,-1.E0,0.E0));
#1976=AXIS2_PLACEMENT_3D('',#1973,#1974,#1975);
#1977=CYLINDRICAL_SURFACE('232',#1976,1.6E0);
#1979=ORIENTED_EDGE('452',*,*,#1978,.F.);
#1981=ORIENTED_EDGE('446',*,*,#1980,.T.);
#1982=ORIENTED_EDGE('238',*,*,#1966,.F.);
#1984=ORIENTED_EDGE('341',*,*,#1983,.F.);
#1985=EDGE_LOOP('232',(#1979,#1981,#1982,#1984));
#1986=FACE_OUTER_BOUND('232',#1985,.F.);
#1988=CARTESIAN_POINT('',(-1.95E1,-1.5E1,0.E0));
#1989=DIRECTION('',(1.E0,0.E0,0.E0));
#1990=DIRECTION('',(0.E0,0.E0,1.E0));
#1991=AXIS2_PLACEMENT_3D('',#1988,#1989,#1990);
#1992=PLANE('311',#1991);
#1994=ORIENTED_EDGE('426',*,*,#1993,.F.);
#1996=ORIENTED_EDGE('454',*,*,#1995,.F.);
#1998=ORIENTED_EDGE('427',*,*,#1997,.F.);
#2000=ORIENTED_EDGE('335',*,*,#1999,.F.);
#2001=EDGE_LOOP('311',(#1994,#1996,#1998,#2000));
#2002=FACE_OUTER_BOUND('311',#2001,.F.);
#2004=ORIENTED_EDGE('451',*,*,#2003,.T.);
#2005=ORIENTED_EDGE('452',*,*,#1978,.T.);
#2006=EDGE_LOOP('311',(#2004,#2005));
#2007=FACE_BOUND('311',#2006,.F.);
#2009=CARTESIAN_POINT('',(-1.8E1,-3.8E1,0.E0));
#2010=DIRECTION('',(-1.E0,0.E0,0.E0));
#2011=DIRECTION('',(0.E0,-1.E0,0.E0));
#2012=AXIS2_PLACEMENT_3D('',#2009,#2010,#2011);
#2013=CYLINDRICAL_SURFACE('234',#2012,1.6E0);
#2014=ORIENTED_EDGE('451',*,*,#2003,.F.);
#2015=ORIENTED_EDGE('341',*,*,#1983,.T.);
#2016=ORIENTED_EDGE('239',*,*,#1968,.F.);
#2017=ORIENTED_EDGE('446',*,*,#1980,.F.);
#2018=EDGE_LOOP('234',(#2014,#2015,#2016,#2017));
#2019=FACE_OUTER_BOUND('234',#2018,.F.);
#2021=CARTESIAN_POINT('',(-1.8E1,-3.8E1,2.5E0));
#2022=DIRECTION('',(0.E0,0.E0,1.E0));
#2023=DIRECTION('',(0.E0,-1.E0,0.E0));
#2024=AXIS2_PLACEMENT_3D('',#2021,#2022,#2023);
#2025=PLANE('316',#2024);
#2027=ORIENTED_EDGE('2065',*,*,#2026,.F.);
#2029=ORIENTED_EDGE('2101',*,*,#2028,.T.);
#2031=ORIENTED_EDGE('495',*,*,#2030,.F.);
#2033=ORIENTED_EDGE('501',*,*,#2032,.T.);
#2034=ORIENTED_EDGE('426',*,*,#1993,.T.);
#2036=ORIENTED_EDGE('2099',*,*,#2035,.F.);
#2037=EDGE_LOOP('316',(#2027,#2029,#2031,#2033,#2034,#2036));
#2038=FACE_OUTER_BOUND('316',#2037,.F.);
#2040=CARTESIAN_POINT('',(-1.9E1,-3.8E1,0.E0));
#2041=DIRECTION('',(-1.E0,0.E0,0.E0));
#2042=DIRECTION('',(0.E0,1.821793690686E-2,9.998340396160E-1));
#2043=AXIS2_PLACEMENT_3D('',#2040,#2041,#2042);
#2044=TOROIDAL_SURFACE('1900',#2043,1.099999999860E1,1.E0);
#2045=ORIENTED_EDGE('2065',*,*,#2026,.T.);
#2047=ORIENTED_EDGE('2066',*,*,#2046,.F.);
#2049=ORIENTED_EDGE('2118',*,*,#2048,.F.);
#2051=ORIENTED_EDGE('2067',*,*,#2050,.T.);
#2052=EDGE_LOOP('1900',(#2045,#2047,#2049,#2051));
#2053=FACE_OUTER_BOUND('1900',#2052,.F.);
#2055=CARTESIAN_POINT('',(1.370736E2,-3.8E1,0.E0));
#2056=DIRECTION('',(-1.E0,0.E0,0.E0));
#2057=DIRECTION('',(0.E0,0.E0,1.E0));
#2058=AXIS2_PLACEMENT_3D('',#2055,#2056,#2057);
#2059=CYLINDRICAL_SURFACE('254',#2058,1.2E1);
#2060=ORIENTED_EDGE('2066',*,*,#2046,.T.);
#2061=ORIENTED_EDGE('2099',*,*,#2035,.T.);
#2062=ORIENTED_EDGE('335',*,*,#1999,.T.);
#2064=ORIENTED_EDGE('2100',*,*,#2063,.F.);
#2066=ORIENTED_EDGE('2096',*,*,#2065,.T.);
#2068=ORIENTED_EDGE('2112',*,*,#2067,.T.);
#2070=ORIENTED_EDGE('1645',*,*,#2069,.F.);
#2072=ORIENTED_EDGE('2111',*,*,#2071,.F.);
#2073=EDGE_LOOP('254',(#2060,#2061,#2062,#2064,#2066,#2068,#2070,#2072));
#2074=FACE_OUTER_BOUND('254',#2073,.F.);
#2076=CARTESIAN_POINT('',(-1.8E1,-5.E1,-2.5E0));
#2077=DIRECTION('',(0.E0,0.E0,-1.E0));
#2078=DIRECTION('',(0.E0,1.E0,0.E0));
#2079=AXIS2_PLACEMENT_3D('',#2076,#2077,#2078);
#2080=PLANE('320',#2079);
#2082=ORIENTED_EDGE('2094',*,*,#2081,.F.);
#2083=ORIENTED_EDGE('2100',*,*,#2063,.T.);
#2084=ORIENTED_EDGE('427',*,*,#1997,.T.);
#2086=ORIENTED_EDGE('502',*,*,#2085,.F.);
#2088=ORIENTED_EDGE('498',*,*,#2087,.F.);
#2090=ORIENTED_EDGE('2102',*,*,#2089,.F.);
#2091=EDGE_LOOP('320',(#2082,#2083,#2084,#2086,#2088,#2090));
#2092=FACE_OUTER_BOUND('320',#2091,.F.);
#2094=CARTESIAN_POINT('',(-1.9E1,-3.8E1,0.E0));
#2095=DIRECTION('',(-1.E0,0.E0,0.E0));
#2096=DIRECTION('',(0.E0,1.282753707681E-2,-9.999177237616E-1));
#2097=AXIS2_PLACEMENT_3D('',#2094,#2095,#2096);
#2098=TOROIDAL_SURFACE('1929',#2097,1.099999999894E1,1.E0);
#2099=ORIENTED_EDGE('2094',*,*,#2081,.T.);
#2101=ORIENTED_EDGE('2095',*,*,#2100,.T.);
#2103=ORIENTED_EDGE('2124',*,*,#2102,.T.);
#2104=ORIENTED_EDGE('2096',*,*,#2065,.F.);
#2105=EDGE_LOOP('1929',(#2099,#2101,#2103,#2104));
#2106=FACE_OUTER_BOUND('1929',#2105,.F.);
#2108=CARTESIAN_POINT('',(-1.8E1,-1.5E1,-1.2E1));
#2109=DIRECTION('',(1.E0,0.E0,0.E0));
#2110=DIRECTION('',(0.E0,0.E0,1.E0));
#2111=AXIS2_PLACEMENT_3D('',#2108,#2109,#2110);
#2112=PLANE('146',#2111);
#2113=ORIENTED_EDGE('2067',*,*,#2050,.F.);
#2115=ORIENTED_EDGE('2068',*,*,#2114,.F.);
#2117=ORIENTED_EDGE('2098',*,*,#2116,.F.);
#2119=ORIENTED_EDGE('2092',*,*,#2118,.F.);
#2120=ORIENTED_EDGE('2095',*,*,#2100,.F.);
#2121=ORIENTED_EDGE('2102',*,*,#2089,.T.);
#2123=ORIENTED_EDGE('507',*,*,#2122,.F.);
#2124=ORIENTED_EDGE('2101',*,*,#2028,.F.);
#2125=EDGE_LOOP('146',(#2113,#2115,#2117,#2119,#2120,#2121,#2123,#2124));
#2126=FACE_OUTER_BOUND('146',#2125,.F.);
#2128=ORIENTED_EDGE('588',*,*,#2127,.F.);
#2130=ORIENTED_EDGE('589',*,*,#2129,.F.);
#2131=EDGE_LOOP('146',(#2128,#2130));
#2132=FACE_BOUND('146',#2131,.F.);
#2134=ORIENTED_EDGE('590',*,*,#2133,.F.);
#2136=ORIENTED_EDGE('591',*,*,#2135,.F.);
#2137=EDGE_LOOP('146',(#2134,#2136));
#2138=FACE_BOUND('146',#2137,.F.);
#2140=ORIENTED_EDGE('592',*,*,#2139,.F.);
#2142=ORIENTED_EDGE('593',*,*,#2141,.F.);
#2143=EDGE_LOOP('146',(#2140,#2142));
#2144=FACE_BOUND('146',#2143,.F.);
#2146=ORIENTED_EDGE('586',*,*,#2145,.F.);
#2148=ORIENTED_EDGE('587',*,*,#2147,.F.);
#2149=EDGE_LOOP('146',(#2146,#2148));
#2150=FACE_BOUND('146',#2149,.F.);
#2152=CARTESIAN_POINT('',(-2.8E1,-3.3E1,5.E0));
#2153=DIRECTION('',(-1.E0,0.E0,0.E0));
#2154=DIRECTION('',(0.E0,0.E0,1.E0));
#2155=AXIS2_PLACEMENT_3D('',#2152,#2153,#2154);
#2156=CYLINDRICAL_SURFACE('553',#2155,1.5E0);
#2158=ORIENTED_EDGE('686',*,*,#2157,.F.);
#2160=ORIENTED_EDGE('694',*,*,#2159,.T.);
#2161=ORIENTED_EDGE('586',*,*,#2145,.T.);
#2163=ORIENTED_EDGE('695',*,*,#2162,.F.);
#2164=EDGE_LOOP('553',(#2158,#2160,#2161,#2163));
#2165=FACE_OUTER_BOUND('553',#2164,.F.);
#2167=CARTESIAN_POINT('',(-2.15E1,-1.5E1,0.E0));
#2168=DIRECTION('',(-1.E0,0.E0,0.E0));
#2169=DIRECTION('',(0.E0,0.E0,1.E0));
#2170=AXIS2_PLACEMENT_3D('',#2167,#2168,#2169);
#2171=PLANE('645',#2170);
#2173=ORIENTED_EDGE('646',*,*,#2172,.F.);
#2175=ORIENTED_EDGE('647',*,*,#2174,.F.);
#2176=EDGE_LOOP('645',(#2173,#2175));
#2177=FACE_OUTER_BOUND('645',#2176,.F.);
#2179=ORIENTED_EDGE('692',*,*,#2178,.T.);
#2181=ORIENTED_EDGE('693',*,*,#2180,.T.);
#2182=EDGE_LOOP('645',(#2179,#2181));
#2183=FACE_BOUND('645',#2182,.F.);
#2185=CARTESIAN_POINT('',(-2.15E1,-1.5E1,0.E0));
#2186=DIRECTION('',(-1.E0,0.E0,0.E0));
#2187=DIRECTION('',(0.E0,0.E0,1.E0));
#2188=AXIS2_PLACEMENT_3D('',#2185,#2186,#2187);
#2189=PLANE('645',#2188);
#2191=ORIENTED_EDGE('648',*,*,#2190,.F.);
#2193=ORIENTED_EDGE('649',*,*,#2192,.F.);
#2194=EDGE_LOOP('645',(#2191,#2193));
#2195=FACE_OUTER_BOUND('645',#2194,.F.);
#2196=ORIENTED_EDGE('686',*,*,#2157,.T.);
#2198=ORIENTED_EDGE('687',*,*,#2197,.T.);
#2199=EDGE_LOOP('645',(#2196,#2198));
#2200=FACE_BOUND('645',#2199,.F.);
#2202=CARTESIAN_POINT('',(-2.15E1,-1.5E1,0.E0));
#2203=DIRECTION('',(-1.E0,0.E0,0.E0));
#2204=DIRECTION('',(0.E0,0.E0,1.E0));
#2205=AXIS2_PLACEMENT_3D('',#2202,#2203,#2204);
#2206=PLANE('645',#2205);
#2208=ORIENTED_EDGE('650',*,*,#2207,.F.);
#2210=ORIENTED_EDGE('651',*,*,#2209,.F.);
#2211=EDGE_LOOP('645',(#2208,#2210));
#2212=FACE_OUTER_BOUND('645',#2211,.F.);
#2214=ORIENTED_EDGE('688',*,*,#2213,.T.);
#2216=ORIENTED_EDGE('689',*,*,#2215,.T.);
#2217=EDGE_LOOP('645',(#2214,#2216));
#2218=FACE_BOUND('645',#2217,.F.);
#2220=CARTESIAN_POINT('',(-2.15E1,-1.5E1,0.E0));
#2221=DIRECTION('',(-1.E0,0.E0,0.E0));
#2222=DIRECTION('',(0.E0,0.E0,1.E0));
#2223=AXIS2_PLACEMENT_3D('',#2220,#2221,#2222);
#2224=PLANE('645',#2223);
#2226=ORIENTED_EDGE('652',*,*,#2225,.F.);
#2228=ORIENTED_EDGE('653',*,*,#2227,.F.);
#2229=EDGE_LOOP('645',(#2226,#2228));
#2230=FACE_OUTER_BOUND('645',#2229,.F.);
#2232=ORIENTED_EDGE('690',*,*,#2231,.T.);
#2234=ORIENTED_EDGE('691',*,*,#2233,.T.);
#2235=EDGE_LOOP('645',(#2232,#2234));
#2236=FACE_BOUND('645',#2235,.F.);
#2238=CARTESIAN_POINT('',(-2.8E1,-3.3E1,-5.E0));
#2239=DIRECTION('',(-1.E0,0.E0,0.E0));
#2240=DIRECTION('',(0.E0,0.E0,1.E0));
#2241=AXIS2_PLACEMENT_3D('',#2238,#2239,#2240);
#2242=CYLINDRICAL_SURFACE('654',#2241,2.7E0);
#2243=ORIENTED_EDGE('678',*,*,#1942,.F.);
#2245=ORIENTED_EDGE('702',*,*,#2244,.T.);
#2246=ORIENTED_EDGE('646',*,*,#2172,.T.);
#2248=ORIENTED_EDGE('703',*,*,#2247,.F.);
#2249=EDGE_LOOP('654',(#2243,#2245,#2246,#2248));
#2250=FACE_OUTER_BOUND('654',#2249,.F.);
#2252=CARTESIAN_POINT('',(-2.8E1,-3.3E1,-5.E0));
#2253=DIRECTION('',(-1.E0,0.E0,0.E0));
#2254=DIRECTION('',(0.E0,0.E0,1.E0));
#2255=AXIS2_PLACEMENT_3D('',#2252,#2253,#2254);
#2256=CYLINDRICAL_SURFACE('656',#2255,2.7E0);
#2257=ORIENTED_EDGE('679',*,*,#1944,.F.);
#2258=ORIENTED_EDGE('703',*,*,#2247,.T.);
#2259=ORIENTED_EDGE('647',*,*,#2174,.T.);
#2260=ORIENTED_EDGE('702',*,*,#2244,.F.);
#2261=EDGE_LOOP('656',(#2257,#2258,#2259,#2260));
#2262=FACE_OUTER_BOUND('656',#2261,.F.);
#2264=CARTESIAN_POINT('',(-2.8E1,-3.3E1,5.E0));
#2265=DIRECTION('',(-1.E0,0.E0,0.E0));
#2266=DIRECTION('',(0.E0,0.E0,1.E0));
#2267=AXIS2_PLACEMENT_3D('',#2264,#2265,#2266);
#2268=CYLINDRICAL_SURFACE('658',#2267,2.7E0);
#2269=ORIENTED_EDGE('680',*,*,#1948,.F.);
#2271=ORIENTED_EDGE('704',*,*,#2270,.T.);
#2272=ORIENTED_EDGE('648',*,*,#2190,.T.);
#2274=ORIENTED_EDGE('705',*,*,#2273,.F.);
#2275=EDGE_LOOP('658',(#2269,#2271,#2272,#2274));
#2276=FACE_OUTER_BOUND('658',#2275,.F.);
#2278=CARTESIAN_POINT('',(-2.8E1,-3.3E1,5.E0));
#2279=DIRECTION('',(-1.E0,0.E0,0.E0));
#2280=DIRECTION('',(0.E0,0.E0,1.E0));
#2281=AXIS2_PLACEMENT_3D('',#2278,#2279,#2280);
#2282=CYLINDRICAL_SURFACE('660',#2281,2.7E0);
#2283=ORIENTED_EDGE('681',*,*,#1950,.F.);
#2284=ORIENTED_EDGE('705',*,*,#2273,.T.);
#2285=ORIENTED_EDGE('649',*,*,#2192,.T.);
#2286=ORIENTED_EDGE('704',*,*,#2270,.F.);
#2287=EDGE_LOOP('660',(#2283,#2284,#2285,#2286));
#2288=FACE_OUTER_BOUND('660',#2287,.F.);
#2290=CARTESIAN_POINT('',(-2.8E1,-4.3E1,5.E0));
#2291=DIRECTION('',(-1.E0,0.E0,0.E0));
#2292=DIRECTION('',(0.E0,0.E0,1.E0));
#2293=AXIS2_PLACEMENT_3D('',#2290,#2291,#2292);
#2294=CYLINDRICAL_SURFACE('662',#2293,2.7E0);
#2295=ORIENTED_EDGE('682',*,*,#1954,.F.);
#2297=ORIENTED_EDGE('706',*,*,#2296,.T.);
#2298=ORIENTED_EDGE('650',*,*,#2207,.T.);
#2300=ORIENTED_EDGE('707',*,*,#2299,.F.);
#2301=EDGE_LOOP('662',(#2295,#2297,#2298,#2300));
#2302=FACE_OUTER_BOUND('662',#2301,.F.);
#2304=CARTESIAN_POINT('',(-2.8E1,-4.3E1,5.E0));
#2305=DIRECTION('',(-1.E0,0.E0,0.E0));
#2306=DIRECTION('',(0.E0,0.E0,1.E0));
#2307=AXIS2_PLACEMENT_3D('',#2304,#2305,#2306);
#2308=CYLINDRICAL_SURFACE('664',#2307,2.7E0);
#2309=ORIENTED_EDGE('683',*,*,#1956,.F.);
#2310=ORIENTED_EDGE('707',*,*,#2299,.T.);
#2311=ORIENTED_EDGE('651',*,*,#2209,.T.);
#2312=ORIENTED_EDGE('706',*,*,#2296,.F.);
#2313=EDGE_LOOP('664',(#2309,#2310,#2311,#2312));
#2314=FACE_OUTER_BOUND('664',#2313,.F.);
#2316=CARTESIAN_POINT('',(-2.8E1,-4.3E1,-5.E0));
#2317=DIRECTION('',(-1.E0,0.E0,0.E0));
#2318=DIRECTION('',(0.E0,0.E0,1.E0));
#2319=AXIS2_PLACEMENT_3D('',#2316,#2317,#2318);
#2320=CYLINDRICAL_SURFACE('666',#2319,2.7E0);
#2321=ORIENTED_EDGE('684',*,*,#1960,.F.);
#2323=ORIENTED_EDGE('708',*,*,#2322,.T.);
#2324=ORIENTED_EDGE('652',*,*,#2225,.T.);
#2326=ORIENTED_EDGE('709',*,*,#2325,.F.);
#2327=EDGE_LOOP('666',(#2321,#2323,#2324,#2326));
#2328=FACE_OUTER_BOUND('666',#2327,.F.);
#2330=CARTESIAN_POINT('',(-2.8E1,-4.3E1,-5.E0));
#2331=DIRECTION('',(-1.E0,0.E0,0.E0));
#2332=DIRECTION('',(0.E0,0.E0,1.E0));
#2333=AXIS2_PLACEMENT_3D('',#2330,#2331,#2332);
#2334=CYLINDRICAL_SURFACE('668',#2333,2.7E0);
#2335=ORIENTED_EDGE('685',*,*,#1962,.F.);
#2336=ORIENTED_EDGE('709',*,*,#2325,.T.);
#2337=ORIENTED_EDGE('653',*,*,#2227,.T.);
#2338=ORIENTED_EDGE('708',*,*,#2322,.F.);
#2339=EDGE_LOOP('668',(#2335,#2336,#2337,#2338));
#2340=FACE_OUTER_BOUND('668',#2339,.F.);
#2342=CARTESIAN_POINT('',(-2.8E1,-3.3E1,5.E0));
#2343=DIRECTION('',(-1.E0,0.E0,0.E0));
#2344=DIRECTION('',(0.E0,0.E0,1.E0));
#2345=AXIS2_PLACEMENT_3D('',#2342,#2343,#2344);
#2346=CYLINDRICAL_SURFACE('555',#2345,1.5E0);
#2347=ORIENTED_EDGE('687',*,*,#2197,.F.);
#2348=ORIENTED_EDGE('695',*,*,#2162,.T.);
#2349=ORIENTED_EDGE('587',*,*,#2147,.T.);
#2350=ORIENTED_EDGE('694',*,*,#2159,.F.);
#2351=EDGE_LOOP('555',(#2347,#2348,#2349,#2350));
#2352=FACE_OUTER_BOUND('555',#2351,.F.);
#2354=CARTESIAN_POINT('',(-2.8E1,-4.3E1,5.E0));
#2355=DIRECTION('',(-1.E0,0.E0,0.E0));
#2356=DIRECTION('',(0.E0,0.E0,1.E0));
#2357=AXIS2_PLACEMENT_3D('',#2354,#2355,#2356);
#2358=CYLINDRICAL_SURFACE('557',#2357,1.5E0);
#2359=ORIENTED_EDGE('688',*,*,#2213,.F.);
#2361=ORIENTED_EDGE('696',*,*,#2360,.T.);
#2362=ORIENTED_EDGE('588',*,*,#2127,.T.);
#2364=ORIENTED_EDGE('697',*,*,#2363,.F.);
#2365=EDGE_LOOP('557',(#2359,#2361,#2362,#2364));
#2366=FACE_OUTER_BOUND('557',#2365,.F.);
#2368=CARTESIAN_POINT('',(-2.8E1,-4.3E1,5.E0));
#2369=DIRECTION('',(-1.E0,0.E0,0.E0));
#2370=DIRECTION('',(0.E0,0.E0,1.E0));
#2371=AXIS2_PLACEMENT_3D('',#2368,#2369,#2370);
#2372=CYLINDRICAL_SURFACE('559',#2371,1.5E0);
#2373=ORIENTED_EDGE('689',*,*,#2215,.F.);
#2374=ORIENTED_EDGE('697',*,*,#2363,.T.);
#2375=ORIENTED_EDGE('589',*,*,#2129,.T.);
#2376=ORIENTED_EDGE('696',*,*,#2360,.F.);
#2377=EDGE_LOOP('559',(#2373,#2374,#2375,#2376));
#2378=FACE_OUTER_BOUND('559',#2377,.F.);
#2380=CARTESIAN_POINT('',(-2.8E1,-4.3E1,-5.E0));
#2381=DIRECTION('',(-1.E0,0.E0,0.E0));
#2382=DIRECTION('',(0.E0,0.E0,1.E0));
#2383=AXIS2_PLACEMENT_3D('',#2380,#2381,#2382);
#2384=CYLINDRICAL_SURFACE('561',#2383,1.5E0);
#2385=ORIENTED_EDGE('690',*,*,#2231,.F.);
#2387=ORIENTED_EDGE('698',*,*,#2386,.T.);
#2388=ORIENTED_EDGE('590',*,*,#2133,.T.);
#2390=ORIENTED_EDGE('699',*,*,#2389,.F.);
#2391=EDGE_LOOP('561',(#2385,#2387,#2388,#2390));
#2392=FACE_OUTER_BOUND('561',#2391,.F.);
#2394=CARTESIAN_POINT('',(-2.8E1,-4.3E1,-5.E0));
#2395=DIRECTION('',(-1.E0,0.E0,0.E0));
#2396=DIRECTION('',(0.E0,0.E0,1.E0));
#2397=AXIS2_PLACEMENT_3D('',#2394,#2395,#2396);
#2398=CYLINDRICAL_SURFACE('563',#2397,1.5E0);
#2399=ORIENTED_EDGE('691',*,*,#2233,.F.);
#2400=ORIENTED_EDGE('699',*,*,#2389,.T.);
#2401=ORIENTED_EDGE('591',*,*,#2135,.T.);
#2402=ORIENTED_EDGE('698',*,*,#2386,.F.);
#2403=EDGE_LOOP('563',(#2399,#2400,#2401,#2402));
#2404=FACE_OUTER_BOUND('563',#2403,.F.);
#2406=CARTESIAN_POINT('',(-2.8E1,-3.3E1,-5.E0));
#2407=DIRECTION('',(-1.E0,0.E0,0.E0));
#2408=DIRECTION('',(0.E0,0.E0,1.E0));
#2409=AXIS2_PLACEMENT_3D('',#2406,#2407,#2408);
#2410=CYLINDRICAL_SURFACE('565',#2409,1.5E0);
#2411=ORIENTED_EDGE('692',*,*,#2178,.F.);
#2413=ORIENTED_EDGE('700',*,*,#2412,.T.);
#2414=ORIENTED_EDGE('592',*,*,#2139,.T.);
#2416=ORIENTED_EDGE('701',*,*,#2415,.F.);
#2417=EDGE_LOOP('565',(#2411,#2413,#2414,#2416));
#2418=FACE_OUTER_BOUND('565',#2417,.F.);
#2420=CARTESIAN_POINT('',(-2.8E1,-3.3E1,-5.E0));
#2421=DIRECTION('',(-1.E0,0.E0,0.E0));
#2422=DIRECTION('',(0.E0,0.E0,1.E0));
#2423=AXIS2_PLACEMENT_3D('',#2420,#2421,#2422);
#2424=CYLINDRICAL_SURFACE('567',#2423,1.5E0);
#2425=ORIENTED_EDGE('693',*,*,#2180,.F.);
#2426=ORIENTED_EDGE('701',*,*,#2415,.T.);
#2427=ORIENTED_EDGE('593',*,*,#2141,.T.);
#2428=ORIENTED_EDGE('700',*,*,#2412,.F.);
#2429=EDGE_LOOP('567',(#2425,#2426,#2427,#2428));
#2430=FACE_OUTER_BOUND('567',#2429,.F.);
#2432=CARTESIAN_POINT('',(-1.9E1,-1.7849196E1,1.1E1));
#2433=DIRECTION('',(0.E0,-1.E0,0.E0));
#2434=DIRECTION('',(1.E0,0.E0,0.E0));
#2435=AXIS2_PLACEMENT_3D('',#2432,#2433,#2434);
#2436=CYLINDRICAL_SURFACE('1896',#2435,1.E0);
#2437=ORIENTED_EDGE('2068',*,*,#2114,.T.);
#2438=ORIENTED_EDGE('2118',*,*,#2048,.T.);
#2440=ORIENTED_EDGE('2069',*,*,#2439,.F.);
#2442=ORIENTED_EDGE('2117',*,*,#2441,.F.);
#2443=EDGE_LOOP('1896',(#2437,#2438,#2440,#2442));
#2444=FACE_OUTER_BOUND('1896',#2443,.F.);
#2446=CARTESIAN_POINT('',(2.8E1,-5.E0,1.2E1));
#2447=DIRECTION('',(0.E0,0.E0,1.E0));
#2448=DIRECTION('',(-1.E0,0.E0,0.E0));
#2449=AXIS2_PLACEMENT_3D('',#2446,#2447,#2448);
#2450=PLANE('103',#2449);
#2451=ORIENTED_EDGE('2069',*,*,#2439,.T.);
#2452=ORIENTED_EDGE('2111',*,*,#2071,.T.);
#2454=ORIENTED_EDGE('1834',*,*,#2453,.F.);
#2455=ORIENTED_EDGE('1827',*,*,#1839,.F.);
#2457=ORIENTED_EDGE('1829',*,*,#2456,.F.);
#2459=ORIENTED_EDGE('2109',*,*,#2458,.T.);
#2461=ORIENTED_EDGE('2077',*,*,#2460,.T.);
#2463=ORIENTED_EDGE('2075',*,*,#2462,.T.);
#2465=ORIENTED_EDGE('2073',*,*,#2464,.T.);
#2467=ORIENTED_EDGE('2071',*,*,#2466,.T.);
#2468=EDGE_LOOP('103',(#2451,#2452,#2454,#2455,#2457,#2459,#2461,#2463,#2465,
#2467));
#2469=FACE_OUTER_BOUND('103',#2468,.F.);
#2471=CARTESIAN_POINT('',(-2.7E1,6.519567338989E1,1.1E1));
#2472=DIRECTION('',(0.E0,-1.E0,0.E0));
#2473=DIRECTION('',(0.E0,0.E0,1.E0));
#2474=AXIS2_PLACEMENT_3D('',#2471,#2472,#2473);
#2475=CYLINDRICAL_SURFACE('1599',#2474,1.E0);
#2476=ORIENTED_EDGE('1813',*,*,#1824,.F.);
#2477=ORIENTED_EDGE('1834',*,*,#2453,.T.);
#2479=ORIENTED_EDGE('1659',*,*,#2478,.T.);
#2480=ORIENTED_EDGE('1835',*,*,#1934,.F.);
#2481=EDGE_LOOP('1599',(#2476,#2477,#2479,#2480));
#2482=FACE_OUTER_BOUND('1599',#2481,.F.);
#2484=CARTESIAN_POINT('',(-2.7E1,-3.8E1,0.E0));
#2485=DIRECTION('',(-1.E0,0.E0,0.E0));
#2486=DIRECTION('',(0.E0,1.232068826661E-2,9.999240974397E-1));
#2487=AXIS2_PLACEMENT_3D('',#2484,#2485,#2486);
#2488=TOROIDAL_SURFACE('1595',#2487,1.1E1,1.E0);
#2489=ORIENTED_EDGE('1645',*,*,#2069,.T.);
#2491=ORIENTED_EDGE('1658',*,*,#2490,.T.);
#2492=ORIENTED_EDGE('1646',*,*,#1936,.F.);
#2493=ORIENTED_EDGE('1659',*,*,#2478,.F.);
#2494=EDGE_LOOP('1595',(#2489,#2491,#2492,#2493));
#2495=FACE_OUTER_BOUND('1595',#2494,.F.);
#2497=CARTESIAN_POINT('',(-2.7E1,-3.815648E1,-1.1E1));
#2498=DIRECTION('',(0.E0,1.E0,0.E0));
#2499=DIRECTION('',(0.E0,0.E0,-1.E0));
#2500=AXIS2_PLACEMENT_3D('',#2497,#2498,#2499);
#2501=CYLINDRICAL_SURFACE('1590',#2500,1.E0);
#2502=ORIENTED_EDGE('1817',*,*,#1909,.F.);
#2503=ORIENTED_EDGE('1832',*,*,#1938,.F.);
#2504=ORIENTED_EDGE('1658',*,*,#2490,.F.);
#2506=ORIENTED_EDGE('1833',*,*,#2505,.T.);
#2507=EDGE_LOOP('1590',(#2502,#2503,#2504,#2506));
#2508=FACE_OUTER_BOUND('1590',#2507,.F.);
#2510=CARTESIAN_POINT('',(-2.8E1,-5.E0,-1.2E1));
#2511=DIRECTION('',(0.E0,0.E0,-1.E0));
#2512=DIRECTION('',(1.E0,0.E0,0.E0));
#2513=AXIS2_PLACEMENT_3D('',#2510,#2511,#2512);
#2514=PLANE('99',#2513);
#2516=ORIENTED_EDGE('2085',*,*,#2515,.T.);
#2518=ORIENTED_EDGE('2110',*,*,#2517,.F.);
#2520=ORIENTED_EDGE('1830',*,*,#2519,.F.);
#2521=ORIENTED_EDGE('1819',*,*,#1895,.F.);
#2522=ORIENTED_EDGE('1833',*,*,#2505,.F.);
#2523=ORIENTED_EDGE('2112',*,*,#2067,.F.);
#2525=ORIENTED_EDGE('2093',*,*,#2524,.T.);
#2527=ORIENTED_EDGE('2091',*,*,#2526,.T.);
#2529=ORIENTED_EDGE('2089',*,*,#2528,.T.);
#2531=ORIENTED_EDGE('2087',*,*,#2530,.T.);
#2532=EDGE_LOOP('99',(#2516,#2518,#2520,#2521,#2522,#2523,#2525,#2527,#2529,
#2531));
#2533=FACE_OUTER_BOUND('99',#2532,.F.);
#2535=CARTESIAN_POINT('',(1.9E1,-1.7849196E1,-1.1E1));
#2536=DIRECTION('',(0.E0,-1.E0,0.E0));
#2537=DIRECTION('',(-1.E0,0.E0,0.E0));
#2538=AXIS2_PLACEMENT_3D('',#2535,#2536,#2537);
#2539=CYLINDRICAL_SURFACE('1909',#2538,1.E0);
#2541=ORIENTED_EDGE('2084',*,*,#2540,.T.);
#2543=ORIENTED_EDGE('2119',*,*,#2542,.T.);
#2544=ORIENTED_EDGE('2085',*,*,#2515,.F.);
#2546=ORIENTED_EDGE('2120',*,*,#2545,.F.);
#2547=EDGE_LOOP('1909',(#2541,#2543,#2544,#2546));
#2548=FACE_OUTER_BOUND('1909',#2547,.F.);
#2550=CARTESIAN_POINT('',(1.8E1,-1.5E1,-1.2E1));
#2551=DIRECTION('',(1.E0,0.E0,0.E0));
#2552=DIRECTION('',(0.E0,0.E0,1.E0));
#2553=AXIS2_PLACEMENT_3D('',#2550,#2551,#2552);
#2554=PLANE('1132',#2553);
#2556=ORIENTED_EDGE('2076',*,*,#2555,.F.);
#2558=ORIENTED_EDGE('2079',*,*,#2557,.F.);
#2560=ORIENTED_EDGE('2107',*,*,#2559,.T.);
#2562=ORIENTED_EDGE('1399',*,*,#2561,.F.);
#2564=ORIENTED_EDGE('2108',*,*,#2563,.F.);
#2566=ORIENTED_EDGE('2083',*,*,#2565,.F.);
#2567=ORIENTED_EDGE('2084',*,*,#2540,.F.);
#2569=ORIENTED_EDGE('2104',*,*,#2568,.F.);
#2570=EDGE_LOOP('1132',(#2556,#2558,#2560,#2562,#2564,#2566,#2567,#2569));
#2571=FACE_OUTER_BOUND('1132',#2570,.F.);
#2573=ORIENTED_EDGE('1183',*,*,#2572,.T.);
#2575=ORIENTED_EDGE('1184',*,*,#2574,.T.);
#2576=EDGE_LOOP('1132',(#2573,#2575));
#2577=FACE_BOUND('1132',#2576,.F.);
#2579=ORIENTED_EDGE('1185',*,*,#2578,.T.);
#2581=ORIENTED_EDGE('1186',*,*,#2580,.T.);
#2582=EDGE_LOOP('1132',(#2579,#2581));
#2583=FACE_BOUND('1132',#2582,.F.);
#2585=ORIENTED_EDGE('1187',*,*,#2584,.T.);
#2587=ORIENTED_EDGE('1188',*,*,#2586,.T.);
#2588=EDGE_LOOP('1132',(#2585,#2587));
#2589=FACE_BOUND('1132',#2588,.F.);
#2591=ORIENTED_EDGE('1181',*,*,#2590,.T.);
#2593=ORIENTED_EDGE('1182',*,*,#2592,.T.);
#2594=EDGE_LOOP('1132',(#2591,#2593));
#2595=FACE_BOUND('1132',#2594,.F.);
#2597=CARTESIAN_POINT('',(2.8E1,-3.3E1,5.E0));
#2598=DIRECTION('',(-1.E0,0.E0,0.E0));
#2599=DIRECTION('',(0.E0,0.E0,1.E0));
#2600=AXIS2_PLACEMENT_3D('',#2597,#2598,#2599);
#2601=CYLINDRICAL_SURFACE('979',#2600,1.5E0);
#2603=ORIENTED_EDGE('1200',*,*,#2602,.T.);
#2605=ORIENTED_EDGE('1209',*,*,#2604,.T.);
#2606=ORIENTED_EDGE('1181',*,*,#2590,.F.);
#2608=ORIENTED_EDGE('1208',*,*,#2607,.F.);
#2609=EDGE_LOOP('979',(#2603,#2605,#2606,#2608));
#2610=FACE_OUTER_BOUND('979',#2609,.F.);
#2612=CARTESIAN_POINT('',(2.15E1,-1.5E1,0.E0));
#2613=DIRECTION('',(-1.E0,0.E0,0.E0));
#2614=DIRECTION('',(0.E0,0.E0,1.E0));
#2615=AXIS2_PLACEMENT_3D('',#2612,#2613,#2614);
#2616=PLANE('1026',#2615);
#2618=ORIENTED_EDGE('1043',*,*,#2617,.T.);
#2620=ORIENTED_EDGE('1044',*,*,#2619,.T.);
#2621=EDGE_LOOP('1026',(#2618,#2620));
#2622=FACE_OUTER_BOUND('1026',#2621,.F.);
#2624=ORIENTED_EDGE('1206',*,*,#2623,.F.);
#2626=ORIENTED_EDGE('1207',*,*,#2625,.F.);
#2627=EDGE_LOOP('1026',(#2624,#2626));
#2628=FACE_BOUND('1026',#2627,.F.);
#2630=CARTESIAN_POINT('',(2.15E1,-1.5E1,0.E0));
#2631=DIRECTION('',(-1.E0,0.E0,0.E0));
#2632=DIRECTION('',(0.E0,0.E0,1.E0));
#2633=AXIS2_PLACEMENT_3D('',#2630,#2631,#2632);
#2634=PLANE('1026',#2633);
#2636=ORIENTED_EDGE('1045',*,*,#2635,.T.);
#2638=ORIENTED_EDGE('1046',*,*,#2637,.T.);
#2639=EDGE_LOOP('1026',(#2636,#2638));
#2640=FACE_OUTER_BOUND('1026',#2639,.F.);
#2641=ORIENTED_EDGE('1200',*,*,#2602,.F.);
#2643=ORIENTED_EDGE('1201',*,*,#2642,.F.);
#2644=EDGE_LOOP('1026',(#2641,#2643));
#2645=FACE_BOUND('1026',#2644,.F.);
#2647=CARTESIAN_POINT('',(2.15E1,-1.5E1,0.E0));
#2648=DIRECTION('',(-1.E0,0.E0,0.E0));
#2649=DIRECTION('',(0.E0,0.E0,1.E0));
#2650=AXIS2_PLACEMENT_3D('',#2647,#2648,#2649);
#2651=PLANE('1026',#2650);
#2653=ORIENTED_EDGE('1047',*,*,#2652,.T.);
#2655=ORIENTED_EDGE('1048',*,*,#2654,.T.);
#2656=EDGE_LOOP('1026',(#2653,#2655));
#2657=FACE_OUTER_BOUND('1026',#2656,.F.);
#2659=ORIENTED_EDGE('1202',*,*,#2658,.F.);
#2661=ORIENTED_EDGE('1203',*,*,#2660,.F.);
#2662=EDGE_LOOP('1026',(#2659,#2661));
#2663=FACE_BOUND('1026',#2662,.F.);
#2665=CARTESIAN_POINT('',(2.15E1,-1.5E1,0.E0));
#2666=DIRECTION('',(-1.E0,0.E0,0.E0));
#2667=DIRECTION('',(0.E0,0.E0,1.E0));
#2668=AXIS2_PLACEMENT_3D('',#2665,#2666,#2667);
#2669=PLANE('1026',#2668);
#2671=ORIENTED_EDGE('1049',*,*,#2670,.T.);
#2673=ORIENTED_EDGE('1050',*,*,#2672,.T.);
#2674=EDGE_LOOP('1026',(#2671,#2673));
#2675=FACE_OUTER_BOUND('1026',#2674,.F.);
#2677=ORIENTED_EDGE('1204',*,*,#2676,.F.);
#2679=ORIENTED_EDGE('1205',*,*,#2678,.F.);
#2680=EDGE_LOOP('1026',(#2677,#2679));
#2681=FACE_BOUND('1026',#2680,.F.);
#2683=CARTESIAN_POINT('',(2.8E1,-3.3E1,-5.E0));
#2684=DIRECTION('',(-1.E0,0.E0,0.E0));
#2685=DIRECTION('',(0.E0,0.E0,1.E0));
#2686=AXIS2_PLACEMENT_3D('',#2683,#2684,#2685);
#2687=CYLINDRICAL_SURFACE('1027',#2686,2.7E0);
#2689=ORIENTED_EDGE('1059',*,*,#2688,.F.);
#2691=ORIENTED_EDGE('1192',*,*,#2690,.T.);
#2693=ORIENTED_EDGE('1060',*,*,#2692,.T.);
#2694=ORIENTED_EDGE('1043',*,*,#2617,.F.);
#2695=EDGE_LOOP('1027',(#2689,#2691,#2693,#2694));
#2696=FACE_OUTER_BOUND('1027',#2695,.F.);
#2698=CARTESIAN_POINT('',(2.8E1,-3.3E1,-5.E0));
#2699=DIRECTION('',(-1.E0,0.E0,0.E0));
#2700=DIRECTION('',(0.E0,0.E0,1.E0));
#2701=AXIS2_PLACEMENT_3D('',#2698,#2699,#2700);
#2702=CYLINDRICAL_SURFACE('1028',#2701,2.7E0);
#2703=ORIENTED_EDGE('1059',*,*,#2688,.T.);
#2704=ORIENTED_EDGE('1044',*,*,#2619,.F.);
#2705=ORIENTED_EDGE('1060',*,*,#2692,.F.);
#2707=ORIENTED_EDGE('1193',*,*,#2706,.T.);
#2708=EDGE_LOOP('1028',(#2703,#2704,#2705,#2707));
#2709=FACE_OUTER_BOUND('1028',#2708,.F.);
#2711=CARTESIAN_POINT('',(2.8E1,-5.E0,-1.2E1));
#2712=DIRECTION('',(1.E0,0.E0,0.E0));
#2713=DIRECTION('',(0.E0,0.E0,1.E0));
#2714=AXIS2_PLACEMENT_3D('',#2711,#2712,#2713);
#2715=PLANE('101',#2714);
#2716=ORIENTED_EDGE('1823',*,*,#1867,.F.);
#2718=ORIENTED_EDGE('1831',*,*,#2717,.T.);
#2720=ORIENTED_EDGE('1566',*,*,#2719,.T.);
#2722=ORIENTED_EDGE('1828',*,*,#2721,.T.);
#2723=EDGE_LOOP('101',(#2716,#2718,#2720,#2722));
#2724=FACE_OUTER_BOUND('101',#2723,.F.);
#2726=ORIENTED_EDGE('1194',*,*,#2725,.F.);
#2728=ORIENTED_EDGE('1195',*,*,#2727,.F.);
#2729=EDGE_LOOP('101',(#2726,#2728));
#2730=FACE_BOUND('101',#2729,.F.);
#2732=ORIENTED_EDGE('1196',*,*,#2731,.F.);
#2734=ORIENTED_EDGE('1197',*,*,#2733,.F.);
#2735=EDGE_LOOP('101',(#2732,#2734));
#2736=FACE_BOUND('101',#2735,.F.);
#2738=ORIENTED_EDGE('1198',*,*,#2737,.F.);
#2740=ORIENTED_EDGE('1199',*,*,#2739,.F.);
#2741=EDGE_LOOP('101',(#2738,#2740));
#2742=FACE_BOUND('101',#2741,.F.);
#2744=ORIENTED_EDGE('1335',*,*,#2743,.T.);
#2746=ORIENTED_EDGE('1336',*,*,#2745,.T.);
#2747=EDGE_LOOP('101',(#2744,#2746));
#2748=FACE_BOUND('101',#2747,.F.);
#2749=ORIENTED_EDGE('1192',*,*,#2690,.F.);
#2750=ORIENTED_EDGE('1193',*,*,#2706,.F.);
#2751=EDGE_LOOP('101',(#2749,#2750));
#2752=FACE_BOUND('101',#2751,.F.);
#2754=CARTESIAN_POINT('',(2.8E1,-3.3E1,5.E0));
#2755=DIRECTION('',(-1.E0,0.E0,0.E0));
#2756=DIRECTION('',(0.E0,0.E0,1.E0));
#2757=AXIS2_PLACEMENT_3D('',#2754,#2755,#2756);
#2758=CYLINDRICAL_SURFACE('1029',#2757,2.7E0);
#2760=ORIENTED_EDGE('1061',*,*,#2759,.F.);
#2761=ORIENTED_EDGE('1194',*,*,#2725,.T.);
#2763=ORIENTED_EDGE('1062',*,*,#2762,.T.);
#2764=ORIENTED_EDGE('1045',*,*,#2635,.F.);
#2765=EDGE_LOOP('1029',(#2760,#2761,#2763,#2764));
#2766=FACE_OUTER_BOUND('1029',#2765,.F.);
#2768=CARTESIAN_POINT('',(2.8E1,-3.3E1,5.E0));
#2769=DIRECTION('',(-1.E0,0.E0,0.E0));
#2770=DIRECTION('',(0.E0,0.E0,1.E0));
#2771=AXIS2_PLACEMENT_3D('',#2768,#2769,#2770);
#2772=CYLINDRICAL_SURFACE('1030',#2771,2.7E0);
#2773=ORIENTED_EDGE('1061',*,*,#2759,.T.);
#2774=ORIENTED_EDGE('1046',*,*,#2637,.F.);
#2775=ORIENTED_EDGE('1062',*,*,#2762,.F.);
#2776=ORIENTED_EDGE('1195',*,*,#2727,.T.);
#2777=EDGE_LOOP('1030',(#2773,#2774,#2775,#2776));
#2778=FACE_OUTER_BOUND('1030',#2777,.F.);
#2780=CARTESIAN_POINT('',(2.8E1,-4.3E1,5.E0));
#2781=DIRECTION('',(-1.E0,0.E0,0.E0));
#2782=DIRECTION('',(0.E0,0.E0,1.E0));
#2783=AXIS2_PLACEMENT_3D('',#2780,#2781,#2782);
#2784=CYLINDRICAL_SURFACE('1031',#2783,2.7E0);
#2786=ORIENTED_EDGE('1063',*,*,#2785,.F.);
#2787=ORIENTED_EDGE('1196',*,*,#2731,.T.);
#2789=ORIENTED_EDGE('1064',*,*,#2788,.T.);
#2790=ORIENTED_EDGE('1047',*,*,#2652,.F.);
#2791=EDGE_LOOP('1031',(#2786,#2787,#2789,#2790));
#2792=FACE_OUTER_BOUND('1031',#2791,.F.);
#2794=CARTESIAN_POINT('',(2.8E1,-4.3E1,5.E0));
#2795=DIRECTION('',(-1.E0,0.E0,0.E0));
#2796=DIRECTION('',(0.E0,0.E0,1.E0));
#2797=AXIS2_PLACEMENT_3D('',#2794,#2795,#2796);
#2798=CYLINDRICAL_SURFACE('1032',#2797,2.7E0);
#2799=ORIENTED_EDGE('1063',*,*,#2785,.T.);
#2800=ORIENTED_EDGE('1048',*,*,#2654,.F.);
#2801=ORIENTED_EDGE('1064',*,*,#2788,.F.);
#2802=ORIENTED_EDGE('1197',*,*,#2733,.T.);
#2803=EDGE_LOOP('1032',(#2799,#2800,#2801,#2802));
#2804=FACE_OUTER_BOUND('1032',#2803,.F.);
#2806=CARTESIAN_POINT('',(2.8E1,-4.3E1,-5.E0));
#2807=DIRECTION('',(-1.E0,0.E0,0.E0));
#2808=DIRECTION('',(0.E0,0.E0,1.E0));
#2809=AXIS2_PLACEMENT_3D('',#2806,#2807,#2808);
#2810=CYLINDRICAL_SURFACE('1033',#2809,2.7E0);
#2812=ORIENTED_EDGE('1065',*,*,#2811,.F.);
#2813=ORIENTED_EDGE('1198',*,*,#2737,.T.);
#2815=ORIENTED_EDGE('1066',*,*,#2814,.T.);
#2816=ORIENTED_EDGE('1049',*,*,#2670,.F.);
#2817=EDGE_LOOP('1033',(#2812,#2813,#2815,#2816));
#2818=FACE_OUTER_BOUND('1033',#2817,.F.);
#2820=CARTESIAN_POINT('',(2.8E1,-4.3E1,-5.E0));
#2821=DIRECTION('',(-1.E0,0.E0,0.E0));
#2822=DIRECTION('',(0.E0,0.E0,1.E0));
#2823=AXIS2_PLACEMENT_3D('',#2820,#2821,#2822);
#2824=CYLINDRICAL_SURFACE('1034',#2823,2.7E0);
#2825=ORIENTED_EDGE('1065',*,*,#2811,.T.);
#2826=ORIENTED_EDGE('1050',*,*,#2672,.F.);
#2827=ORIENTED_EDGE('1066',*,*,#2814,.F.);
#2828=ORIENTED_EDGE('1199',*,*,#2739,.T.);
#2829=EDGE_LOOP('1034',(#2825,#2826,#2827,#2828));
#2830=FACE_OUTER_BOUND('1034',#2829,.F.);
#2832=CARTESIAN_POINT('',(1.95E1,-3.8E1,0.E0));
#2833=DIRECTION('',(1.E0,0.E0,0.E0));
#2834=DIRECTION('',(0.E0,1.E0,0.E0));
#2835=AXIS2_PLACEMENT_3D('',#2832,#2833,#2834);
#2836=CYLINDRICAL_SURFACE('1329',#2835,1.6E0);
#2837=ORIENTED_EDGE('1335',*,*,#2743,.F.);
#2839=ORIENTED_EDGE('1339',*,*,#2838,.F.);
#2841=ORIENTED_EDGE('1337',*,*,#2840,.T.);
#2843=ORIENTED_EDGE('1340',*,*,#2842,.T.);
#2844=EDGE_LOOP('1329',(#2837,#2839,#2841,#2843));
#2845=FACE_OUTER_BOUND('1329',#2844,.F.);
#2847=CARTESIAN_POINT('',(1.95E1,-3.8E1,0.E0));
#2848=DIRECTION('',(1.E0,0.E0,0.E0));
#2849=DIRECTION('',(0.E0,1.E0,0.E0));
#2850=AXIS2_PLACEMENT_3D('',#2847,#2848,#2849);
#2851=CYLINDRICAL_SURFACE('1331',#2850,1.6E0);
#2852=ORIENTED_EDGE('1336',*,*,#2745,.F.);
#2853=ORIENTED_EDGE('1340',*,*,#2842,.F.);
#2855=ORIENTED_EDGE('1338',*,*,#2854,.T.);
#2856=ORIENTED_EDGE('1339',*,*,#2838,.T.);
#2857=EDGE_LOOP('1331',(#2852,#2853,#2855,#2856));
#2858=FACE_OUTER_BOUND('1331',#2857,.F.);
#2860=CARTESIAN_POINT('',(1.95E1,-1.5E1,0.E0));
#2861=DIRECTION('',(1.E0,0.E0,0.E0));
#2862=DIRECTION('',(0.E0,0.E0,1.E0));
#2863=AXIS2_PLACEMENT_3D('',#2860,#2861,#2862);
#2864=PLANE('1229',#2863);
#2866=ORIENTED_EDGE('1488',*,*,#2865,.F.);
#2868=ORIENTED_EDGE('1497',*,*,#2867,.T.);
#2870=ORIENTED_EDGE('1268',*,*,#2869,.F.);
#2872=ORIENTED_EDGE('1496',*,*,#2871,.T.);
#2873=EDGE_LOOP('1229',(#2866,#2868,#2870,#2872));
#2874=FACE_OUTER_BOUND('1229',#2873,.F.);
#2875=ORIENTED_EDGE('1337',*,*,#2840,.F.);
#2876=ORIENTED_EDGE('1338',*,*,#2854,.F.);
#2877=EDGE_LOOP('1229',(#2875,#2876));
#2878=FACE_BOUND('1229',#2877,.F.);
#2880=CARTESIAN_POINT('',(1.370736E2,-3.8E1,0.E0));
#2881=DIRECTION('',(-1.E0,0.E0,0.E0));
#2882=DIRECTION('',(0.E0,0.E0,1.E0));
#2883=AXIS2_PLACEMENT_3D('',#2880,#2881,#2882);
#2884=CYLINDRICAL_SURFACE('1455',#2883,1.2E1);
#2886=ORIENTED_EDGE('2080',*,*,#2885,.T.);
#2887=ORIENTED_EDGE('2109',*,*,#2458,.F.);
#2889=ORIENTED_EDGE('1565',*,*,#2888,.F.);
#2890=ORIENTED_EDGE('2110',*,*,#2517,.T.);
#2892=ORIENTED_EDGE('2082',*,*,#2891,.T.);
#2894=ORIENTED_EDGE('2105',*,*,#2893,.T.);
#2895=ORIENTED_EDGE('1488',*,*,#2865,.T.);
#2897=ORIENTED_EDGE('2106',*,*,#2896,.T.);
#2898=EDGE_LOOP('1455',(#2886,#2887,#2889,#2890,#2892,#2894,#2895,#2897));
#2899=FACE_OUTER_BOUND('1455',#2898,.F.);
#2901=CARTESIAN_POINT('',(1.9E1,-3.8E1,0.E0));
#2902=DIRECTION('',(-1.E0,0.E0,0.E0));
#2903=DIRECTION('',(0.E0,1.821793690686E-2,9.998340396160E-1));
#2904=AXIS2_PLACEMENT_3D('',#2901,#2902,#2903);
#2905=TOROIDAL_SURFACE('1875',#2904,1.099999999860E1,1.E0);
#2907=ORIENTED_EDGE('2078',*,*,#2906,.T.);
#2908=ORIENTED_EDGE('2079',*,*,#2557,.T.);
#2910=ORIENTED_EDGE('2113',*,*,#2909,.T.);
#2911=ORIENTED_EDGE('2080',*,*,#2885,.F.);
#2912=EDGE_LOOP('1875',(#2907,#2908,#2910,#2911));
#2913=FACE_OUTER_BOUND('1875',#2912,.F.);
#2915=CARTESIAN_POINT('',(1.8E1,-3.8E1,2.5E0));
#2916=DIRECTION('',(0.E0,0.E0,-1.E0));
#2917=DIRECTION('',(0.E0,-1.E0,0.E0));
#2918=AXIS2_PLACEMENT_3D('',#2915,#2916,#2917);
#2919=PLANE('1230',#2918);
#2920=ORIENTED_EDGE('2078',*,*,#2906,.F.);
#2921=ORIENTED_EDGE('2106',*,*,#2896,.F.);
#2922=ORIENTED_EDGE('1496',*,*,#2871,.F.);
#2924=ORIENTED_EDGE('1393',*,*,#2923,.T.);
#2926=ORIENTED_EDGE('1390',*,*,#2925,.F.);
#2927=ORIENTED_EDGE('2107',*,*,#2559,.F.);
#2928=EDGE_LOOP('1230',(#2920,#2921,#2922,#2924,#2926,#2927));
#2929=FACE_OUTER_BOUND('1230',#2928,.F.);
#2931=CARTESIAN_POINT('',(1.8E1,-3.8E1,0.E0));
#2932=DIRECTION('',(-1.E0,0.E0,0.E0));
#2933=DIRECTION('',(0.E0,-1.E0,0.E0));
#2934=AXIS2_PLACEMENT_3D('',#2931,#2932,#2933);
#2935=CYLINDRICAL_SURFACE('1256',#2934,3.E0);
#2937=ORIENTED_EDGE('1398',*,*,#2936,.F.);
#2938=ORIENTED_EDGE('1393',*,*,#2923,.F.);
#2939=ORIENTED_EDGE('1268',*,*,#2869,.T.);
#2941=ORIENTED_EDGE('1394',*,*,#2940,.T.);
#2942=EDGE_LOOP('1256',(#2937,#2938,#2939,#2941));
#2943=FACE_OUTER_BOUND('1256',#2942,.F.);
#2945=CARTESIAN_POINT('',(1.9E1,-3.8E1,0.E0));
#2946=DIRECTION('',(-1.E0,0.E0,0.E0));
#2947=DIRECTION('',(0.E0,-5.931977206737E-1,-8.050568080499E-1));
#2948=AXIS2_PLACEMENT_3D('',#2945,#2946,#2947);
#2949=TOROIDAL_SURFACE('1350',#2948,3.999999993827E0,1.E0);
#2950=ORIENTED_EDGE('1398',*,*,#2936,.T.);
#2952=ORIENTED_EDGE('1387',*,*,#2951,.T.);
#2953=ORIENTED_EDGE('1399',*,*,#2561,.T.);
#2954=ORIENTED_EDGE('1390',*,*,#2925,.T.);
#2955=EDGE_LOOP('1350',(#2950,#2952,#2953,#2954));
#2956=FACE_OUTER_BOUND('1350',#2955,.F.);
#2958=CARTESIAN_POINT('',(1.8E1,-5.E1,-2.5E0));
#2959=DIRECTION('',(0.E0,0.E0,1.E0));
#2960=DIRECTION('',(0.E0,1.E0,0.E0));
#2961=AXIS2_PLACEMENT_3D('',#2958,#2959,#2960);
#2962=PLANE('1232',#2961);
#2964=ORIENTED_EDGE('2081',*,*,#2963,.F.);
#2965=ORIENTED_EDGE('2108',*,*,#2563,.T.);
#2966=ORIENTED_EDGE('1387',*,*,#2951,.F.);
#2967=ORIENTED_EDGE('1394',*,*,#2940,.F.);
#2968=ORIENTED_EDGE('1497',*,*,#2867,.F.);
#2969=ORIENTED_EDGE('2105',*,*,#2893,.F.);
#2970=EDGE_LOOP('1232',(#2964,#2965,#2966,#2967,#2968,#2969));
#2971=FACE_OUTER_BOUND('1232',#2970,.F.);
#2973=CARTESIAN_POINT('',(1.9E1,-3.8E1,0.E0));
#2974=DIRECTION('',(-1.E0,0.E0,0.E0));
#2975=DIRECTION('',(0.E0,1.282753707681E-2,-9.999177237616E-1));
#2976=AXIS2_PLACEMENT_3D('',#2973,#2974,#2975);
#2977=TOROIDAL_SURFACE('1904',#2976,1.099999999894E1,1.E0);
#2978=ORIENTED_EDGE('2081',*,*,#2963,.T.);
#2979=ORIENTED_EDGE('2082',*,*,#2891,.F.);
#2980=ORIENTED_EDGE('2119',*,*,#2542,.F.);
#2981=ORIENTED_EDGE('2083',*,*,#2565,.T.);
#2982=EDGE_LOOP('1904',(#2978,#2979,#2980,#2981));
#2983=FACE_OUTER_BOUND('1904',#2982,.F.);
#2985=CARTESIAN_POINT('',(1.9E1,-3.8230808E1,1.1E1));
#2986=DIRECTION('',(0.E0,1.E0,0.E0));
#2987=DIRECTION('',(-1.E0,0.E0,0.E0));
#2988=AXIS2_PLACEMENT_3D('',#2985,#2986,#2987);
#2989=CYLINDRICAL_SURFACE('1880',#2988,1.E0);
#2990=ORIENTED_EDGE('2076',*,*,#2555,.T.);
#2992=ORIENTED_EDGE('2114',*,*,#2991,.T.);
#2993=ORIENTED_EDGE('2077',*,*,#2460,.F.);
#2994=ORIENTED_EDGE('2113',*,*,#2909,.F.);
#2995=EDGE_LOOP('1880',(#2990,#2992,#2993,#2994));
#2996=FACE_OUTER_BOUND('1880',#2995,.F.);
#2998=CARTESIAN_POINT('',(1.5E1,-1.8E1,1.1E1));
#2999=DIRECTION('',(0.E0,0.E0,-1.E0));
#3000=DIRECTION('',(9.987857894695E-1,-4.926405133428E-2,0.E0));
#3001=AXIS2_PLACEMENT_3D('',#2998,#2999,#3000);
#3002=TOROIDAL_SURFACE('1884',#3001,4.E0,1.E0);
#3004=ORIENTED_EDGE('2074',*,*,#3003,.T.);
#3006=ORIENTED_EDGE('2115',*,*,#3005,.T.);
#3007=ORIENTED_EDGE('2075',*,*,#2462,.F.);
#3008=ORIENTED_EDGE('2114',*,*,#2991,.F.);
#3009=EDGE_LOOP('1884',(#3004,#3006,#3007,#3008));
#3010=FACE_OUTER_BOUND('1884',#3009,.F.);
#3012=CARTESIAN_POINT('',(1.5E1,-1.8E1,1.370736E2));
#3013=DIRECTION('',(0.E0,0.E0,-1.E0));
#3014=DIRECTION('',(0.E0,1.E0,0.E0));
#3015=AXIS2_PLACEMENT_3D('',#3012,#3013,#3014);
#3016=CYLINDRICAL_SURFACE('1407',#3015,3.E0);
#3017=ORIENTED_EDGE('2074',*,*,#3003,.F.);
#3018=ORIENTED_EDGE('2104',*,*,#2568,.T.);
#3020=ORIENTED_EDGE('2086',*,*,#3019,.F.);
#3022=ORIENTED_EDGE('2103',*,*,#3021,.F.);
#3023=EDGE_LOOP('1407',(#3017,#3018,#3020,#3022));
#3024=FACE_OUTER_BOUND('1407',#3023,.F.);
#3026=CARTESIAN_POINT('',(1.5E1,-1.8E1,-1.1E1));
#3027=DIRECTION('',(0.E0,0.E0,-1.E0));
#3028=DIRECTION('',(-5.370215431250E-2,9.985569981840E-1,0.E0));
#3029=AXIS2_PLACEMENT_3D('',#3026,#3027,#3028);
#3030=TOROIDAL_SURFACE('1913',#3029,4.E0,1.E0);
#3031=ORIENTED_EDGE('2086',*,*,#3019,.T.);
#3032=ORIENTED_EDGE('2120',*,*,#2545,.T.);
#3033=ORIENTED_EDGE('2087',*,*,#2530,.F.);
#3035=ORIENTED_EDGE('2121',*,*,#3034,.F.);
#3036=EDGE_LOOP('1913',(#3031,#3032,#3033,#3035));
#3037=FACE_OUTER_BOUND('1913',#3036,.F.);
#3039=CARTESIAN_POINT('',(-1.5161184E1,-1.4E1,-1.1E1));
#3040=DIRECTION('',(1.E0,0.E0,0.E0));
#3041=DIRECTION('',(0.E0,-1.E0,0.E0));
#3042=AXIS2_PLACEMENT_3D('',#3039,#3040,#3041);
#3043=CYLINDRICAL_SURFACE('1917',#3042,1.E0);
#3045=ORIENTED_EDGE('2088',*,*,#3044,.T.);
#3046=ORIENTED_EDGE('2121',*,*,#3034,.T.);
#3047=ORIENTED_EDGE('2089',*,*,#2528,.F.);
#3049=ORIENTED_EDGE('2122',*,*,#3048,.F.);
#3050=EDGE_LOOP('1917',(#3045,#3046,#3047,#3049));
#3051=FACE_OUTER_BOUND('1917',#3050,.F.);
#3053=CARTESIAN_POINT('',(0.E0,-1.5E1,0.E0));
#3054=DIRECTION('',(0.E0,-1.E0,0.E0));
#3055=DIRECTION('',(1.E0,0.E0,0.E0));
#3056=AXIS2_PLACEMENT_3D('',#3053,#3054,#3055);
#3057=PLANE('92',#3056);
#3059=ORIENTED_EDGE('2072',*,*,#3058,.F.);
#3060=ORIENTED_EDGE('2103',*,*,#3021,.T.);
#3061=ORIENTED_EDGE('2088',*,*,#3044,.F.);
#3063=ORIENTED_EDGE('2097',*,*,#3062,.T.);
#3064=EDGE_LOOP('92',(#3059,#3060,#3061,#3063));
#3065=FACE_OUTER_BOUND('92',#3064,.F.);
#3067=CARTESIAN_POINT('',(1.5147852E1,-1.4E1,1.1E1));
#3068=DIRECTION('',(-1.E0,0.E0,0.E0));
#3069=DIRECTION('',(0.E0,-1.E0,0.E0));
#3070=AXIS2_PLACEMENT_3D('',#3067,#3068,#3069);
#3071=CYLINDRICAL_SURFACE('1888',#3070,1.E0);
#3072=ORIENTED_EDGE('2072',*,*,#3058,.T.);
#3074=ORIENTED_EDGE('2116',*,*,#3073,.T.);
#3075=ORIENTED_EDGE('2073',*,*,#2464,.F.);
#3076=ORIENTED_EDGE('2115',*,*,#3005,.F.);
#3077=EDGE_LOOP('1888',(#3072,#3074,#3075,#3076));
#3078=FACE_OUTER_BOUND('1888',#3077,.F.);
#3080=CARTESIAN_POINT('',(-1.5E1,-1.8E1,1.1E1));
#3081=DIRECTION('',(0.E0,0.E0,1.E0));
#3082=DIRECTION('',(5.370215431250E-2,9.985569981840E-1,0.E0));
#3083=AXIS2_PLACEMENT_3D('',#3080,#3081,#3082);
#3084=TOROIDAL_SURFACE('1892',#3083,4.E0,1.E0);
#3086=ORIENTED_EDGE('2070',*,*,#3085,.T.);
#3087=ORIENTED_EDGE('2117',*,*,#2441,.T.);
#3088=ORIENTED_EDGE('2071',*,*,#2466,.F.);
#3089=ORIENTED_EDGE('2116',*,*,#3073,.F.);
#3090=EDGE_LOOP('1892',(#3086,#3087,#3088,#3089));
#3091=FACE_OUTER_BOUND('1892',#3090,.F.);
#3093=CARTESIAN_POINT('',(-1.5E1,-1.8E1,-1.370736E2));
#3094=DIRECTION('',(0.E0,0.E0,1.E0));
#3095=DIRECTION('',(0.E0,1.E0,0.E0));
#3096=AXIS2_PLACEMENT_3D('',#3093,#3094,#3095);
#3097=CYLINDRICAL_SURFACE('173',#3096,3.E0);
#3098=ORIENTED_EDGE('2070',*,*,#3085,.F.);
#3099=ORIENTED_EDGE('2097',*,*,#3062,.F.);
#3101=ORIENTED_EDGE('2090',*,*,#3100,.F.);
#3102=ORIENTED_EDGE('2098',*,*,#2116,.T.);
#3103=EDGE_LOOP('173',(#3098,#3099,#3101,#3102));
#3104=FACE_OUTER_BOUND('173',#3103,.F.);
#3106=CARTESIAN_POINT('',(-1.5E1,-1.8E1,-1.1E1));
#3107=DIRECTION('',(0.E0,0.E0,1.E0));
#3108=DIRECTION('',(-9.987857894695E-1,-4.926405133428E-2,0.E0));
#3109=AXIS2_PLACEMENT_3D('',#3106,#3107,#3108);
#3110=TOROIDAL_SURFACE('1921',#3109,4.E0,1.E0);
#3111=ORIENTED_EDGE('2090',*,*,#3100,.T.);
#3112=ORIENTED_EDGE('2122',*,*,#3048,.T.);
#3113=ORIENTED_EDGE('2091',*,*,#2526,.F.);
#3115=ORIENTED_EDGE('2123',*,*,#3114,.F.);
#3116=EDGE_LOOP('1921',(#3111,#3112,#3113,#3115));
#3117=FACE_OUTER_BOUND('1921',#3116,.F.);
#3119=CARTESIAN_POINT('',(-1.9E1,-3.8230808E1,-1.1E1));
#3120=DIRECTION('',(0.E0,1.E0,0.E0));
#3121=DIRECTION('',(1.E0,0.E0,0.E0));
#3122=AXIS2_PLACEMENT_3D('',#3119,#3120,#3121);
#3123=CYLINDRICAL_SURFACE('1925',#3122,1.E0);
#3124=ORIENTED_EDGE('2092',*,*,#2118,.T.);
#3125=ORIENTED_EDGE('2123',*,*,#3114,.T.);
#3126=ORIENTED_EDGE('2093',*,*,#2524,.F.);
#3127=ORIENTED_EDGE('2124',*,*,#2102,.F.);
#3128=EDGE_LOOP('1925',(#3124,#3125,#3126,#3127));
#3129=FACE_OUTER_BOUND('1925',#3128,.F.);
#3131=CARTESIAN_POINT('',(2.7E1,-3.8E1,0.E0));
#3132=DIRECTION('',(-1.E0,0.E0,0.E0));
#3133=DIRECTION('',(0.E0,1.343159610648E-2,-9.999097920443E-1));
#3134=AXIS2_PLACEMENT_3D('',#3131,#3132,#3133);
#3135=TOROIDAL_SURFACE('1515',#3134,1.1E1,1.E0);
#3136=ORIENTED_EDGE('1565',*,*,#2888,.T.);
#3138=ORIENTED_EDGE('1578',*,*,#3137,.T.);
#3139=ORIENTED_EDGE('1566',*,*,#2719,.F.);
#3141=ORIENTED_EDGE('1579',*,*,#3140,.F.);
#3142=EDGE_LOOP('1515',(#3136,#3138,#3139,#3141));
#3143=FACE_OUTER_BOUND('1515',#3142,.F.);
#3145=CARTESIAN_POINT('',(2.7E1,-3.815648E1,1.1E1));
#3146=DIRECTION('',(0.E0,1.E0,0.E0));
#3147=DIRECTION('',(0.E0,0.E0,1.E0));
#3148=AXIS2_PLACEMENT_3D('',#3145,#3146,#3147);
#3149=CYLINDRICAL_SURFACE('1510',#3148,1.E0);
#3150=ORIENTED_EDGE('1825',*,*,#1853,.F.);
#3151=ORIENTED_EDGE('1828',*,*,#2721,.F.);
#3152=ORIENTED_EDGE('1578',*,*,#3137,.F.);
#3153=ORIENTED_EDGE('1829',*,*,#2456,.T.);
#3154=EDGE_LOOP('1510',(#3150,#3151,#3152,#3153));
#3155=FACE_OUTER_BOUND('1510',#3154,.F.);
#3157=CARTESIAN_POINT('',(2.7E1,6.519567338989E1,-1.1E1));
#3158=DIRECTION('',(0.E0,-1.E0,0.E0));
#3159=DIRECTION('',(0.E0,0.E0,-1.E0));
#3160=AXIS2_PLACEMENT_3D('',#3157,#3158,#3159);
#3161=CYLINDRICAL_SURFACE('1519',#3160,1.E0);
#3162=ORIENTED_EDGE('1821',*,*,#1881,.F.);
#3163=ORIENTED_EDGE('1830',*,*,#2519,.T.);
#3164=ORIENTED_EDGE('1579',*,*,#3140,.T.);
#3165=ORIENTED_EDGE('1831',*,*,#2717,.F.);
#3166=EDGE_LOOP('1519',(#3162,#3163,#3164,#3165));
#3167=FACE_OUTER_BOUND('1519',#3166,.F.);
#3169=CARTESIAN_POINT('',(2.8E1,-3.3E1,5.E0));
#3170=DIRECTION('',(-1.E0,0.E0,0.E0));
#3171=DIRECTION('',(0.E0,0.E0,1.E0));
#3172=AXIS2_PLACEMENT_3D('',#3169,#3170,#3171);
#3173=CYLINDRICAL_SURFACE('980',#3172,1.5E0);
#3174=ORIENTED_EDGE('1201',*,*,#2642,.T.);
#3175=ORIENTED_EDGE('1208',*,*,#2607,.T.);
#3176=ORIENTED_EDGE('1182',*,*,#2592,.F.);
#3177=ORIENTED_EDGE('1209',*,*,#2604,.F.);
#3178=EDGE_LOOP('980',(#3174,#3175,#3176,#3177));
#3179=FACE_OUTER_BOUND('980',#3178,.F.);
#3181=CARTESIAN_POINT('',(2.8E1,-4.3E1,5.E0));
#3182=DIRECTION('',(-1.E0,0.E0,0.E0));
#3183=DIRECTION('',(0.E0,0.E0,1.E0));
#3184=AXIS2_PLACEMENT_3D('',#3181,#3182,#3183);
#3185=CYLINDRICAL_SURFACE('981',#3184,1.5E0);
#3186=ORIENTED_EDGE('1202',*,*,#2658,.T.);
#3188=ORIENTED_EDGE('1211',*,*,#3187,.T.);
#3189=ORIENTED_EDGE('1183',*,*,#2572,.F.);
#3191=ORIENTED_EDGE('1210',*,*,#3190,.F.);
#3192=EDGE_LOOP('981',(#3186,#3188,#3189,#3191));
#3193=FACE_OUTER_BOUND('981',#3192,.F.);
#3195=CARTESIAN_POINT('',(2.8E1,-4.3E1,5.E0));
#3196=DIRECTION('',(-1.E0,0.E0,0.E0));
#3197=DIRECTION('',(0.E0,0.E0,1.E0));
#3198=AXIS2_PLACEMENT_3D('',#3195,#3196,#3197);
#3199=CYLINDRICAL_SURFACE('982',#3198,1.5E0);
#3200=ORIENTED_EDGE('1203',*,*,#2660,.T.);
#3201=ORIENTED_EDGE('1210',*,*,#3190,.T.);
#3202=ORIENTED_EDGE('1184',*,*,#2574,.F.);
#3203=ORIENTED_EDGE('1211',*,*,#3187,.F.);
#3204=EDGE_LOOP('982',(#3200,#3201,#3202,#3203));
#3205=FACE_OUTER_BOUND('982',#3204,.F.);
#3207=CARTESIAN_POINT('',(2.8E1,-4.3E1,-5.E0));
#3208=DIRECTION('',(-1.E0,0.E0,0.E0));
#3209=DIRECTION('',(0.E0,0.E0,1.E0));
#3210=AXIS2_PLACEMENT_3D('',#3207,#3208,#3209);
#3211=CYLINDRICAL_SURFACE('983',#3210,1.5E0);
#3212=ORIENTED_EDGE('1204',*,*,#2676,.T.);
#3214=ORIENTED_EDGE('1213',*,*,#3213,.T.);
#3215=ORIENTED_EDGE('1185',*,*,#2578,.F.);
#3217=ORIENTED_EDGE('1212',*,*,#3216,.F.);
#3218=EDGE_LOOP('983',(#3212,#3214,#3215,#3217));
#3219=FACE_OUTER_BOUND('983',#3218,.F.);
#3221=CARTESIAN_POINT('',(2.8E1,-4.3E1,-5.E0));
#3222=DIRECTION('',(-1.E0,0.E0,0.E0));
#3223=DIRECTION('',(0.E0,0.E0,1.E0));
#3224=AXIS2_PLACEMENT_3D('',#3221,#3222,#3223);
#3225=CYLINDRICAL_SURFACE('984',#3224,1.5E0);
#3226=ORIENTED_EDGE('1205',*,*,#2678,.T.);
#3227=ORIENTED_EDGE('1212',*,*,#3216,.T.);
#3228=ORIENTED_EDGE('1186',*,*,#2580,.F.);
#3229=ORIENTED_EDGE('1213',*,*,#3213,.F.);
#3230=EDGE_LOOP('984',(#3226,#3227,#3228,#3229));
#3231=FACE_OUTER_BOUND('984',#3230,.F.);
#3233=CARTESIAN_POINT('',(2.8E1,-3.3E1,-5.E0));
#3234=DIRECTION('',(-1.E0,0.E0,0.E0));
#3235=DIRECTION('',(0.E0,0.E0,1.E0));
#3236=AXIS2_PLACEMENT_3D('',#3233,#3234,#3235);
#3237=CYLINDRICAL_SURFACE('985',#3236,1.5E0);
#3238=ORIENTED_EDGE('1206',*,*,#2623,.T.);
#3240=ORIENTED_EDGE('1215',*,*,#3239,.T.);
#3241=ORIENTED_EDGE('1187',*,*,#2584,.F.);
#3243=ORIENTED_EDGE('1214',*,*,#3242,.F.);
#3244=EDGE_LOOP('985',(#3238,#3240,#3241,#3243));
#3245=FACE_OUTER_BOUND('985',#3244,.F.);
#3247=CARTESIAN_POINT('',(2.8E1,-3.3E1,-5.E0));
#3248=DIRECTION('',(-1.E0,0.E0,0.E0));
#3249=DIRECTION('',(0.E0,0.E0,1.E0));
#3250=AXIS2_PLACEMENT_3D('',#3247,#3248,#3249);
#3251=CYLINDRICAL_SURFACE('986',#3250,1.5E0);
#3252=ORIENTED_EDGE('1207',*,*,#2625,.T.);
#3253=ORIENTED_EDGE('1214',*,*,#3242,.T.);
#3254=ORIENTED_EDGE('1188',*,*,#2586,.F.);
#3255=ORIENTED_EDGE('1215',*,*,#3239,.F.);
#3256=EDGE_LOOP('986',(#3252,#3253,#3254,#3255));
#3257=FACE_OUTER_BOUND('986',#3256,.F.);
#3259=CARTESIAN_POINT('',(-1.9E1,-3.8E1,0.E0));
#3260=DIRECTION('',(-1.E0,0.E0,0.E0));
#3261=DIRECTION('',(0.E0,-5.967713673979E-1,8.024113253526E-1));
#3262=AXIS2_PLACEMENT_3D('',#3259,#3260,#3261);
#3263=TOROIDAL_SURFACE('458',#3262,3.999999993306E0,1.E0);
#3265=ORIENTED_EDGE('506',*,*,#3264,.T.);
#3266=ORIENTED_EDGE('495',*,*,#2030,.T.);
#3267=ORIENTED_EDGE('507',*,*,#2122,.T.);
#3268=ORIENTED_EDGE('498',*,*,#2087,.T.);
#3269=EDGE_LOOP('458',(#3265,#3266,#3267,#3268));
#3270=FACE_OUTER_BOUND('458',#3269,.F.);
#3272=CARTESIAN_POINT('',(-1.8E1,-3.8E1,0.E0));
#3273=DIRECTION('',(-1.E0,0.E0,0.E0));
#3274=DIRECTION('',(0.E0,-1.E0,0.E0));
#3275=AXIS2_PLACEMENT_3D('',#3272,#3273,#3274);
#3276=CYLINDRICAL_SURFACE('410',#3275,3.E0);
#3277=ORIENTED_EDGE('506',*,*,#3264,.F.);
#3278=ORIENTED_EDGE('502',*,*,#2085,.T.);
#3279=ORIENTED_EDGE('454',*,*,#1995,.T.);
#3280=ORIENTED_EDGE('501',*,*,#2032,.F.);
#3281=EDGE_LOOP('410',(#3277,#3278,#3279,#3280));
#3282=FACE_OUTER_BOUND('410',#3281,.F.);
#3284=CARTESIAN_POINT('',(0.E0,-4.E0,0.E0));
#3285=DIRECTION('',(0.E0,1.E0,0.E0));
#3286=DIRECTION('',(5.748284132463E-3,0.E0,9.999834784783E-1));
#3287=AXIS2_PLACEMENT_3D('',#3284,#3285,#3286);
#3288=TOROIDAL_SURFACE('1853',#3287,3.7E1,1.E0);
#3289=ORIENTED_EDGE('1863',*,*,#1665,.T.);
#3290=ORIENTED_EDGE('1868',*,*,#1654,.T.);
#3292=ORIENTED_EDGE('1864',*,*,#3291,.F.);
#3293=ORIENTED_EDGE('1867',*,*,#1651,.F.);
#3294=EDGE_LOOP('1853',(#3289,#3290,#3292,#3293));
#3295=FACE_OUTER_BOUND('1853',#3294,.F.);
#3297=CARTESIAN_POINT('',(0.E0,0.E0,0.E0));
#3298=DIRECTION('',(0.E0,1.E0,0.E0));
#3299=DIRECTION('',(0.E0,0.E0,1.E0));
#3300=AXIS2_PLACEMENT_3D('',#3297,#3298,#3299);
#3301=CYLINDRICAL_SURFACE('65',#3300,3.8E1);
#3302=ORIENTED_EDGE('1864',*,*,#3291,.T.);
#3303=ORIENTED_EDGE('1866',*,*,#1639,.F.);
#3304=ORIENTED_EDGE('59',*,*,#1600,.T.);
#3305=ORIENTED_EDGE('1865',*,*,#1636,.T.);
#3306=EDGE_LOOP('65',(#3302,#3303,#3304,#3305));
#3307=FACE_OUTER_BOUND('65',#3306,.F.);
#3311=CARTESIAN_POINT('',(0.E0,0.E0,0.E0));
#3312=DIRECTION('',(1.E0,0.E0,0.E0));
#3313=DIRECTION('',(0.E0,1.E0,0.E0));
#3314=AXIS2_PLACEMENT_3D('',#3311,#3312,#3313);
#3315=PLANE('RIGHT',#3314);
#3316=CARTESIAN_POINT('',(0.E0,0.E0,0.E0));
#3317=DIRECTION('',(0.E0,1.E0,0.E0));
#3318=DIRECTION('',(0.E0,0.E0,1.E0));
#3319=AXIS2_PLACEMENT_3D('',#3316,#3317,#3318);
#3320=PLANE('TOP',#3319);
#3321=CARTESIAN_POINT('',(0.E0,0.E0,0.E0));
#3322=DIRECTION('',(0.E0,0.E0,1.E0));
#3323=DIRECTION('',(1.E0,0.E0,0.E0));
#3324=AXIS2_PLACEMENT_3D('',#3321,#3322,#3323);
#3325=PLANE('FRONT',#3324);
#3326=CARTESIAN_POINT('',(0.E0,0.E0,0.E0));
#3327=DIRECTION('',(0.E0,0.E0,1.E0));
#3328=DIRECTION('',(1.E0,0.E0,0.E0));
#3329=AXIS2_PLACEMENT_3D('PRT_CSYS_DEF',#3326,#3327,#3328);
#3330=DRAUGHTING_PRE_DEFINED_CURVE_FONT('continuous');
#3331=CURVE_STYLE('',#3330,POSITIVE_LENGTH_MEASURE(2.E-2),#7);
#3332=PRESENTATION_STYLE_ASSIGNMENT((#3331));
#3333=STYLED_ITEM('',(#3332),#3329);
#3334=DIRECTION('',(-1.E0,0.E0,0.E0));
#3335=VECTOR('',#3334,7.6E1);
#3336=CARTESIAN_POINT('',(3.8E1,0.E0,0.E0));
#3337=LINE('',#3336,#3335);
#3339=CURVE_STYLE('',#3330,POSITIVE_LENGTH_MEASURE(2.E-2),#5);
#3340=PRESENTATION_STYLE_ASSIGNMENT((#3339));
#3341=STYLED_ITEM('',(#3340),#3338);
#3342=CARTESIAN_POINT('',(0.E0,0.E0,0.E0));
#3343=DIRECTION('',(0.E0,1.E0,0.E0));
#3344=DIRECTION('',(0.E0,0.E0,1.E0));
#3345=AXIS2_PLACEMENT_3D('',#3342,#3343,#3344);
#3348=CURVE_STYLE('',#3330,POSITIVE_LENGTH_MEASURE(2.E-2),#1);
#3349=PRESENTATION_STYLE_ASSIGNMENT((#3348));
#3350=STYLED_ITEM('',(#3349),#3347);
#3352=CARTESIAN_POINT('',(0.E0,0.E0,0.E0));
#3353=DIRECTION('',(0.E0,1.E0,0.E0));
#3354=DIRECTION('',(0.E0,0.E0,-1.E0));
#3355=AXIS2_PLACEMENT_3D('',#3352,#3353,#3354);
#3358=CURVE_STYLE('',#3330,POSITIVE_LENGTH_MEASURE(2.E-2),#1);
#3359=PRESENTATION_STYLE_ASSIGNMENT((#3358));
#3360=STYLED_ITEM('',(#3359),#3357);
#3364=DIRECTION('',(0.E0,1.E0,0.E0));
#3365=VECTOR('',#3364,4.E0);
#3366=CARTESIAN_POINT('',(0.E0,-4.E0,0.E0));
#3367=LINE('',#3366,#3365);
#3369=CURVE_STYLE('',#3330,POSITIVE_LENGTH_MEASURE(2.E-2),#5);
#3370=PRESENTATION_STYLE_ASSIGNMENT((#3369));
#3371=STYLED_ITEM('',(#3370),#3368);
#3372=DIRECTION('',(0.E0,0.E0,-1.E0));
#3373=VECTOR('',#3372,2.4E1);
#3374=CARTESIAN_POINT('',(-2.8E1,-5.E0,1.2E1));
#3375=LINE('',#3374,#3373);
#3377=CURVE_STYLE('',#3330,POSITIVE_LENGTH_MEASURE(2.E-2),#1);
#3378=PRESENTATION_STYLE_ASSIGNMENT((#3377));
#3379=STYLED_ITEM('',(#3378),#3376);
#3381=DIRECTION('',(1.E0,0.E0,0.E0));
#3382=VECTOR('',#3381,5.6E1);
#3383=CARTESIAN_POINT('',(-2.8E1,-5.E0,-1.2E1));
#3384=LINE('',#3383,#3382);
#3386=CURVE_STYLE('',#3330,POSITIVE_LENGTH_MEASURE(2.E-2),#1);
#3387=PRESENTATION_STYLE_ASSIGNMENT((#3386));
#3388=STYLED_ITEM('',(#3387),#3385);
#3390=DIRECTION('',(0.E0,0.E0,1.E0));
#3391=VECTOR('',#3390,2.4E1);
#3392=CARTESIAN_POINT('',(2.8E1,-5.E0,-1.2E1));
#3393=LINE('',#3392,#3391);
#3395=CURVE_STYLE('',#3330,POSITIVE_LENGTH_MEASURE(2.E-2),#1);
#3396=PRESENTATION_STYLE_ASSIGNMENT((#3395));
#3397=STYLED_ITEM('',(#3396),#3394);
#3399=DIRECTION('',(-1.E0,0.E0,0.E0));
#3400=VECTOR('',#3399,5.6E1);
#3401=CARTESIAN_POINT('',(2.8E1,-5.E0,1.2E1));
#3402=LINE('',#3401,#3400);
#3404=CURVE_STYLE('',#3330,POSITIVE_LENGTH_MEASURE(2.E-2),#1);
#3405=PRESENTATION_STYLE_ASSIGNMENT((#3404));
#3406=STYLED_ITEM('',(#3405),#3403);
#3409=DIRECTION('',(0.E0,0.E0,-1.E0));
#3410=VECTOR('',#3409,2.4E1);
#3411=CARTESIAN_POINT('',(-2.8E1,-1.5E1,1.2E1));
#3412=LINE('',#3411,#3410);
#3414=CURVE_STYLE('',#3330,POSITIVE_LENGTH_MEASURE(2.E-2),#1);
#3415=PRESENTATION_STYLE_ASSIGNMENT((#3414));
#3416=STYLED_ITEM('',(#3415),#3413);
#3418=DIRECTION('',(1.E0,0.E0,0.E0));
#3419=VECTOR('',#3418,1.E1);
#3420=CARTESIAN_POINT('',(-2.8E1,-1.5E1,-1.2E1));
#3421=LINE('',#3420,#3419);
#3423=CURVE_STYLE('',#3330,POSITIVE_LENGTH_MEASURE(2.E-2),#1);
#3424=PRESENTATION_STYLE_ASSIGNMENT((#3423));
#3425=STYLED_ITEM('',(#3424),#3422);
#3427=DIRECTION('',(0.E0,0.E0,1.E0));
#3428=VECTOR('',#3427,2.4E1);
#3429=CARTESIAN_POINT('',(-1.8E1,-1.5E1,-1.2E1));
#3430=LINE('',#3429,#3428);
#3432=CURVE_STYLE('',#3330,POSITIVE_LENGTH_MEASURE(2.E-2),#1);
#3433=PRESENTATION_STYLE_ASSIGNMENT((#3432));
#3434=STYLED_ITEM('',(#3433),#3431);
#3436=DIRECTION('',(-1.E0,0.E0,0.E0));
#3437=VECTOR('',#3436,1.E1);
#3438=CARTESIAN_POINT('',(-1.8E1,-1.5E1,1.2E1));
#3439=LINE('',#3438,#3437);
#3441=CURVE_STYLE('',#3330,POSITIVE_LENGTH_MEASURE(2.E-2),#1);
#3442=PRESENTATION_STYLE_ASSIGNMENT((#3441));
#3443=STYLED_ITEM('',(#3442),#3440);
#3446=DIRECTION('',(-1.E0,0.E0,0.E0));
#3447=VECTOR('',#3446,8.5E0);
#3448=CARTESIAN_POINT('',(-1.95E1,-3.8E1,0.E0));
#3449=LINE('',#3448,#3447);
#3451=CURVE_STYLE('',#3330,POSITIVE_LENGTH_MEASURE(2.E-2),#5);
#3452=PRESENTATION_STYLE_ASSIGNMENT((#3451));
#3453=STYLED_ITEM('',(#3452),#3450);
#3454=DIRECTION('',(0.E0,-1.E0,0.E0));
#3455=VECTOR('',#3454,1.2E1);
#3456=CARTESIAN_POINT('',(-1.8E1,-3.8E1,2.5E0));
#3457=LINE('',#3456,#3455);
#3459=CURVE_STYLE('',#3330,POSITIVE_LENGTH_MEASURE(2.E-2),#1);
#3460=PRESENTATION_STYLE_ASSIGNMENT((#3459));
#3461=STYLED_ITEM('',(#3460),#3458);
#3463=DIRECTION('',(0.E0,0.E0,-1.E0));
#3464=VECTOR('',#3463,5.E0);
#3465=CARTESIAN_POINT('',(-1.8E1,-5.E1,2.5E0));
#3466=LINE('',#3465,#3464);
#3468=CURVE_STYLE('',#3330,POSITIVE_LENGTH_MEASURE(2.E-2),#1);
#3469=PRESENTATION_STYLE_ASSIGNMENT((#3468));
#3470=STYLED_ITEM('',(#3469),#3467);
#3472=DIRECTION('',(0.E0,1.E0,0.E0));
#3473=VECTOR('',#3472,1.2E1);
#3474=CARTESIAN_POINT('',(-1.8E1,-5.E1,-2.5E0));
#3475=LINE('',#3474,#3473);
#3477=CURVE_STYLE('',#3330,POSITIVE_LENGTH_MEASURE(2.E-2),#1);
#3478=PRESENTATION_STYLE_ASSIGNMENT((#3477));
#3479=STYLED_ITEM('',(#3478),#3476);
#3481=DIRECTION('',(0.E0,0.E0,1.E0));
#3482=VECTOR('',#3481,5.E0);
#3483=CARTESIAN_POINT('',(-1.8E1,-3.8E1,-2.5E0));
#3484=LINE('',#3483,#3482);
#3486=CURVE_STYLE('',#3330,POSITIVE_LENGTH_MEASURE(2.E-2),#1);
#3487=PRESENTATION_STYLE_ASSIGNMENT((#3486));
#3488=STYLED_ITEM('',(#3487),#3485);
#3491=CARTESIAN_POINT('PNT0',(-1.8E1,-5.E1,0.E0));
#3492=DIRECTION('',(0.E0,0.E0,-1.E0));
#3493=VECTOR('',#3492,7.6E1);
#3494=CARTESIAN_POINT('',(-1.8E1,-3.8E1,3.8E1));
#3495=LINE('',#3494,#3493);
#3497=CURVE_STYLE('',#3330,POSITIVE_LENGTH_MEASURE(2.E-2),#5);
#3498=PRESENTATION_STYLE_ASSIGNMENT((#3497));
#3499=STYLED_ITEM('',(#3498),#3496);
#3500=DIRECTION('',(1.E0,0.E0,0.E0));
#3501=VECTOR('',#3500,1.5E0);
#3502=CARTESIAN_POINT('',(-1.95E1,-5.E1,0.E0));
#3503=LINE('',#3502,#3501);
#3505=CURVE_STYLE('',#3330,POSITIVE_LENGTH_MEASURE(2.E-2),#5);
#3506=PRESENTATION_STYLE_ASSIGNMENT((#3505));
#3507=STYLED_ITEM('',(#3506),#3504);
#3508=DIRECTION('',(-1.E0,0.E0,0.E0));
#3509=VECTOR('',#3508,5.E-1);
#3510=CARTESIAN_POINT('',(-1.9E1,-3.8E1,0.E0));
#3511=LINE('',#3510,#3509);
#3513=CURVE_STYLE('',#3330,POSITIVE_LENGTH_MEASURE(2.E-2),#5);
#3514=PRESENTATION_STYLE_ASSIGNMENT((#3513));
#3515=STYLED_ITEM('',(#3514),#3512);
#3516=CARTESIAN_POINT('',(-2.8E1,-3.3E1,5.E0));
#3517=DIRECTION('',(-1.E0,0.E0,0.E0));
#3518=DIRECTION('',(0.E0,0.E0,1.E0));
#3519=AXIS2_PLACEMENT_3D('',#3516,#3517,#3518);
#3522=CURVE_STYLE('',#3330,POSITIVE_LENGTH_MEASURE(2.E-2),#1);
#3523=PRESENTATION_STYLE_ASSIGNMENT((#3522));
#3524=STYLED_ITEM('',(#3523),#3521);
#3526=CARTESIAN_POINT('',(-2.8E1,-3.3E1,5.E0));
#3527=DIRECTION('',(-1.E0,0.E0,0.E0));
#3528=DIRECTION('',(0.E0,0.E0,-1.E0));
#3529=AXIS2_PLACEMENT_3D('',#3526,#3527,#3528);
#3532=CURVE_STYLE('',#3330,POSITIVE_LENGTH_MEASURE(2.E-2),#1);
#3533=PRESENTATION_STYLE_ASSIGNMENT((#3532));
#3534=STYLED_ITEM('',(#3533),#3531);
#3537=CARTESIAN_POINT('',(-2.8E1,-4.3E1,5.E0));
#3538=DIRECTION('',(-1.E0,0.E0,0.E0));
#3539=DIRECTION('',(0.E0,0.E0,1.E0));
#3540=AXIS2_PLACEMENT_3D('',#3537,#3538,#3539);
#3543=CURVE_STYLE('',#3330,POSITIVE_LENGTH_MEASURE(2.E-2),#1);
#3544=PRESENTATION_STYLE_ASSIGNMENT((#3543));
#3545=STYLED_ITEM('',(#3544),#3542);
#3547=CARTESIAN_POINT('',(-2.8E1,-4.3E1,5.E0));
#3548=DIRECTION('',(-1.E0,0.E0,0.E0));
#3549=DIRECTION('',(0.E0,0.E0,-1.E0));
#3550=AXIS2_PLACEMENT_3D('',#3547,#3548,#3549);
#3553=CURVE_STYLE('',#3330,POSITIVE_LENGTH_MEASURE(2.E-2),#1);
#3554=PRESENTATION_STYLE_ASSIGNMENT((#3553));
#3555=STYLED_ITEM('',(#3554),#3552);
#3558=CARTESIAN_POINT('',(-2.8E1,-4.3E1,-5.E0));
#3559=DIRECTION('',(-1.E0,0.E0,0.E0));
#3560=DIRECTION('',(0.E0,0.E0,1.E0));
#3561=AXIS2_PLACEMENT_3D('',#3558,#3559,#3560);
#3564=CURVE_STYLE('',#3330,POSITIVE_LENGTH_MEASURE(2.E-2),#1);
#3565=PRESENTATION_STYLE_ASSIGNMENT((#3564));
#3566=STYLED_ITEM('',(#3565),#3563);
#3568=CARTESIAN_POINT('',(-2.8E1,-4.3E1,-5.E0));
#3569=DIRECTION('',(-1.E0,0.E0,0.E0));
#3570=DIRECTION('',(0.E0,0.E0,-1.E0));
#3571=AXIS2_PLACEMENT_3D('',#3568,#3569,#3570);
#3574=CURVE_STYLE('',#3330,POSITIVE_LENGTH_MEASURE(2.E-2),#1);
#3575=PRESENTATION_STYLE_ASSIGNMENT((#3574));
#3576=STYLED_ITEM('',(#3575),#3573);
#3579=CARTESIAN_POINT('',(-2.8E1,-3.3E1,-5.E0));
#3580=DIRECTION('',(-1.E0,0.E0,0.E0));
#3581=DIRECTION('',(0.E0,0.E0,1.E0));
#3582=AXIS2_PLACEMENT_3D('',#3579,#3580,#3581);
#3585=CURVE_STYLE('',#3330,POSITIVE_LENGTH_MEASURE(2.E-2),#1);
#3586=PRESENTATION_STYLE_ASSIGNMENT((#3585));
#3587=STYLED_ITEM('',(#3586),#3584);
#3589=CARTESIAN_POINT('',(-2.8E1,-3.3E1,-5.E0));
#3590=DIRECTION('',(-1.E0,0.E0,0.E0));
#3591=DIRECTION('',(0.E0,0.E0,-1.E0));
#3592=AXIS2_PLACEMENT_3D('',#3589,#3590,#3591);
#3595=CURVE_STYLE('',#3330,POSITIVE_LENGTH_MEASURE(2.E-2),#1);
#3596=PRESENTATION_STYLE_ASSIGNMENT((#3595));
#3597=STYLED_ITEM('',(#3596),#3594);
#3600=DIRECTION('',(0.E0,0.E0,1.E0));
#3601=VECTOR('',#3600,7.6E1);
#3602=CARTESIAN_POINT('',(-2.8E1,-3.8E1,-3.8E1));
#3603=LINE('',#3602,#3601);
#3605=CURVE_STYLE('',#3330,POSITIVE_LENGTH_MEASURE(2.E-2),#5);
#3606=PRESENTATION_STYLE_ASSIGNMENT((#3605));
#3607=STYLED_ITEM('',(#3606),#3604);
#3608=DIRECTION('',(-1.E0,0.E0,0.E0));
#3609=VECTOR('',#3608,3.5E0);
#3610=CARTESIAN_POINT('',(-1.8E1,-3.3E1,5.E0));
#3611=LINE('',#3610,#3609);
#3613=CURVE_STYLE('',#3330,POSITIVE_LENGTH_MEASURE(2.E-2),#5);
#3614=PRESENTATION_STYLE_ASSIGNMENT((#3613));
#3615=STYLED_ITEM('',(#3614),#3612);
#3616=DIRECTION('',(-1.E0,0.E0,0.E0));
#3617=VECTOR('',#3616,3.5E0);
#3618=CARTESIAN_POINT('',(-1.8E1,-4.3E1,5.E0));
#3619=LINE('',#3618,#3617);
#3621=CURVE_STYLE('',#3330,POSITIVE_LENGTH_MEASURE(2.E-2),#5);
#3622=PRESENTATION_STYLE_ASSIGNMENT((#3621));
#3623=STYLED_ITEM('',(#3622),#3620);
#3624=DIRECTION('',(-1.E0,0.E0,0.E0));
#3625=VECTOR('',#3624,3.5E0);
#3626=CARTESIAN_POINT('',(-1.8E1,-4.3E1,-5.E0));
#3627=LINE('',#3626,#3625);
#3629=CURVE_STYLE('',#3330,POSITIVE_LENGTH_MEASURE(2.E-2),#5);
#3630=PRESENTATION_STYLE_ASSIGNMENT((#3629));
#3631=STYLED_ITEM('',(#3630),#3628);
#3632=DIRECTION('',(-1.E0,0.E0,0.E0));
#3633=VECTOR('',#3632,3.5E0);
#3634=CARTESIAN_POINT('',(-1.8E1,-3.3E1,-5.E0));
#3635=LINE('',#3634,#3633);
#3637=CURVE_STYLE('',#3330,POSITIVE_LENGTH_MEASURE(2.E-2),#5);
#3638=PRESENTATION_STYLE_ASSIGNMENT((#3637));
#3639=STYLED_ITEM('',(#3638),#3636);
#3640=CARTESIAN_POINT('',(-2.8E1,-3.3E1,-5.E0));
#3641=DIRECTION('',(-1.E0,0.E0,0.E0));
#3642=DIRECTION('',(0.E0,0.E0,1.E0));
#3643=AXIS2_PLACEMENT_3D('',#3640,#3641,#3642);
#3646=CURVE_STYLE('',#3330,POSITIVE_LENGTH_MEASURE(2.E-2),#1);
#3647=PRESENTATION_STYLE_ASSIGNMENT((#3646));
#3648=STYLED_ITEM('',(#3647),#3645);
#3650=CARTESIAN_POINT('',(-2.8E1,-3.3E1,-5.E0));
#3651=DIRECTION('',(-1.E0,0.E0,0.E0));
#3652=DIRECTION('',(0.E0,0.E0,-1.E0));
#3653=AXIS2_PLACEMENT_3D('',#3650,#3651,#3652);
#3656=CURVE_STYLE('',#3330,POSITIVE_LENGTH_MEASURE(2.E-2),#1);
#3657=PRESENTATION_STYLE_ASSIGNMENT((#3656));
#3658=STYLED_ITEM('',(#3657),#3655);
#3661=CARTESIAN_POINT('',(-2.8E1,-3.3E1,5.E0));
#3662=DIRECTION('',(-1.E0,0.E0,0.E0));
#3663=DIRECTION('',(0.E0,0.E0,1.E0));
#3664=AXIS2_PLACEMENT_3D('',#3661,#3662,#3663);
#3667=CURVE_STYLE('',#3330,POSITIVE_LENGTH_MEASURE(2.E-2),#1);
#3668=PRESENTATION_STYLE_ASSIGNMENT((#3667));
#3669=STYLED_ITEM('',(#3668),#3666);
#3671=CARTESIAN_POINT('',(-2.8E1,-3.3E1,5.E0));
#3672=DIRECTION('',(-1.E0,0.E0,0.E0));
#3673=DIRECTION('',(0.E0,0.E0,-1.E0));
#3674=AXIS2_PLACEMENT_3D('',#3671,#3672,#3673);
#3677=CURVE_STYLE('',#3330,POSITIVE_LENGTH_MEASURE(2.E-2),#1);
#3678=PRESENTATION_STYLE_ASSIGNMENT((#3677));
#3679=STYLED_ITEM('',(#3678),#3676);
#3682=CARTESIAN_POINT('',(-2.8E1,-4.3E1,5.E0));
#3683=DIRECTION('',(-1.E0,0.E0,0.E0));
#3684=DIRECTION('',(0.E0,0.E0,1.E0));
#3685=AXIS2_PLACEMENT_3D('',#3682,#3683,#3684);
#3688=CURVE_STYLE('',#3330,POSITIVE_LENGTH_MEASURE(2.E-2),#1);
#3689=PRESENTATION_STYLE_ASSIGNMENT((#3688));
#3690=STYLED_ITEM('',(#3689),#3687);
#3692=CARTESIAN_POINT('',(-2.8E1,-4.3E1,5.E0));
#3693=DIRECTION('',(-1.E0,0.E0,0.E0));
#3694=DIRECTION('',(0.E0,0.E0,-1.E0));
#3695=AXIS2_PLACEMENT_3D('',#3692,#3693,#3694);
#3698=CURVE_STYLE('',#3330,POSITIVE_LENGTH_MEASURE(2.E-2),#1);
#3699=PRESENTATION_STYLE_ASSIGNMENT((#3698));
#3700=STYLED_ITEM('',(#3699),#3697);
#3703=CARTESIAN_POINT('',(-2.8E1,-4.3E1,-5.E0));
#3704=DIRECTION('',(-1.E0,0.E0,0.E0));
#3705=DIRECTION('',(0.E0,0.E0,1.E0));
#3706=AXIS2_PLACEMENT_3D('',#3703,#3704,#3705);
#3709=CURVE_STYLE('',#3330,POSITIVE_LENGTH_MEASURE(2.E-2),#1);
#3710=PRESENTATION_STYLE_ASSIGNMENT((#3709));
#3711=STYLED_ITEM('',(#3710),#3708);
#3713=CARTESIAN_POINT('',(-2.8E1,-4.3E1,-5.E0));
#3714=DIRECTION('',(-1.E0,0.E0,0.E0));
#3715=DIRECTION('',(0.E0,0.E0,-1.E0));
#3716=AXIS2_PLACEMENT_3D('',#3713,#3714,#3715);
#3719=CURVE_STYLE('',#3330,POSITIVE_LENGTH_MEASURE(2.E-2),#1);
#3720=PRESENTATION_STYLE_ASSIGNMENT((#3719));
#3721=STYLED_ITEM('',(#3720),#3718);
#3724=DIRECTION('',(-1.E0,0.E0,0.E0));
#3725=VECTOR('',#3724,6.5E0);
#3726=CARTESIAN_POINT('',(-2.15E1,-3.3E1,-5.E0));
#3727=LINE('',#3726,#3725);
#3729=CURVE_STYLE('',#3330,POSITIVE_LENGTH_MEASURE(2.E-2),#5);
#3730=PRESENTATION_STYLE_ASSIGNMENT((#3729));
#3731=STYLED_ITEM('',(#3730),#3728);
#3732=DIRECTION('',(-1.E0,0.E0,0.E0));
#3733=VECTOR('',#3732,6.5E0);
#3734=CARTESIAN_POINT('',(-2.15E1,-3.3E1,5.E0));
#3735=LINE('',#3734,#3733);
#3737=CURVE_STYLE('',#3330,POSITIVE_LENGTH_MEASURE(2.E-2),#5);
#3738=PRESENTATION_STYLE_ASSIGNMENT((#3737));
#3739=STYLED_ITEM('',(#3738),#3736);
#3740=DIRECTION('',(-1.E0,0.E0,0.E0));
#3741=VECTOR('',#3740,6.5E0);
#3742=CARTESIAN_POINT('',(-2.15E1,-4.3E1,5.E0));
#3743=LINE('',#3742,#3741);
#3745=CURVE_STYLE('',#3330,POSITIVE_LENGTH_MEASURE(2.E-2),#5);
#3746=PRESENTATION_STYLE_ASSIGNMENT((#3745));
#3747=STYLED_ITEM('',(#3746),#3744);
#3748=DIRECTION('',(-1.E0,0.E0,0.E0));
#3749=VECTOR('',#3748,6.5E0);
#3750=CARTESIAN_POINT('',(-2.15E1,-4.3E1,-5.E0));
#3751=LINE('',#3750,#3749);
#3753=CURVE_STYLE('',#3330,POSITIVE_LENGTH_MEASURE(2.E-2),#5);
#3754=PRESENTATION_STYLE_ASSIGNMENT((#3753));
#3755=STYLED_ITEM('',(#3754),#3752);
#3756=DIRECTION('',(0.E0,0.E0,-1.E0));
#3757=VECTOR('',#3756,2.4E1);
#3758=CARTESIAN_POINT('',(2.8E1,-1.5E1,1.2E1));
#3759=LINE('',#3758,#3757);
#3761=CURVE_STYLE('',#3330,POSITIVE_LENGTH_MEASURE(2.E-2),#1);
#3762=PRESENTATION_STYLE_ASSIGNMENT((#3761));
#3763=STYLED_ITEM('',(#3762),#3760);
#3765=DIRECTION('',(-1.E0,0.E0,0.E0));
#3766=VECTOR('',#3765,1.E1);
#3767=CARTESIAN_POINT('',(2.8E1,-1.5E1,-1.2E1));
#3768=LINE('',#3767,#3766);
#3770=CURVE_STYLE('',#3330,POSITIVE_LENGTH_MEASURE(2.E-2),#1);
#3771=PRESENTATION_STYLE_ASSIGNMENT((#3770));
#3772=STYLED_ITEM('',(#3771),#3769);
#3774=DIRECTION('',(0.E0,0.E0,1.E0));
#3775=VECTOR('',#3774,2.4E1);
#3776=CARTESIAN_POINT('',(1.8E1,-1.5E1,-1.2E1));
#3777=LINE('',#3776,#3775);
#3779=CURVE_STYLE('',#3330,POSITIVE_LENGTH_MEASURE(2.E-2),#1);
#3780=PRESENTATION_STYLE_ASSIGNMENT((#3779));
#3781=STYLED_ITEM('',(#3780),#3778);
#3783=DIRECTION('',(1.E0,0.E0,0.E0));
#3784=VECTOR('',#3783,1.E1);
#3785=CARTESIAN_POINT('',(1.8E1,-1.5E1,1.2E1));
#3786=LINE('',#3785,#3784);
#3788=CURVE_STYLE('',#3330,POSITIVE_LENGTH_MEASURE(2.E-2),#1);
#3789=PRESENTATION_STYLE_ASSIGNMENT((#3788));
#3790=STYLED_ITEM('',(#3789),#3787);
#3793=CARTESIAN_POINT('',(2.8E1,-3.3E1,5.E0));
#3794=DIRECTION('',(-1.E0,0.E0,0.E0));
#3795=DIRECTION('',(0.E0,0.E0,1.E0));
#3796=AXIS2_PLACEMENT_3D('',#3793,#3794,#3795);
#3799=CURVE_STYLE('',#3330,POSITIVE_LENGTH_MEASURE(2.E-2),#1);
#3800=PRESENTATION_STYLE_ASSIGNMENT((#3799));
#3801=STYLED_ITEM('',(#3800),#3798);
#3803=CARTESIAN_POINT('',(2.8E1,-3.3E1,5.E0));
#3804=DIRECTION('',(-1.E0,0.E0,0.E0));
#3805=DIRECTION('',(0.E0,0.E0,-1.E0));
#3806=AXIS2_PLACEMENT_3D('',#3803,#3804,#3805);
#3809=CURVE_STYLE('',#3330,POSITIVE_LENGTH_MEASURE(2.E-2),#1);
#3810=PRESENTATION_STYLE_ASSIGNMENT((#3809));
#3811=STYLED_ITEM('',(#3810),#3808);
#3814=CARTESIAN_POINT('',(2.8E1,-4.3E1,5.E0));
#3815=DIRECTION('',(-1.E0,0.E0,0.E0));
#3816=DIRECTION('',(0.E0,0.E0,1.E0));
#3817=AXIS2_PLACEMENT_3D('',#3814,#3815,#3816);
#3820=CURVE_STYLE('',#3330,POSITIVE_LENGTH_MEASURE(2.E-2),#1);
#3821=PRESENTATION_STYLE_ASSIGNMENT((#3820));
#3822=STYLED_ITEM('',(#3821),#3819);
#3824=CARTESIAN_POINT('',(2.8E1,-4.3E1,5.E0));
#3825=DIRECTION('',(-1.E0,0.E0,0.E0));
#3826=DIRECTION('',(0.E0,0.E0,-1.E0));
#3827=AXIS2_PLACEMENT_3D('',#3824,#3825,#3826);
#3830=CURVE_STYLE('',#3330,POSITIVE_LENGTH_MEASURE(2.E-2),#1);
#3831=PRESENTATION_STYLE_ASSIGNMENT((#3830));
#3832=STYLED_ITEM('',(#3831),#3829);
#3835=CARTESIAN_POINT('',(2.8E1,-4.3E1,-5.E0));
#3836=DIRECTION('',(-1.E0,0.E0,0.E0));
#3837=DIRECTION('',(0.E0,0.E0,1.E0));
#3838=AXIS2_PLACEMENT_3D('',#3835,#3836,#3837);
#3841=CURVE_STYLE('',#3330,POSITIVE_LENGTH_MEASURE(2.E-2),#1);
#3842=PRESENTATION_STYLE_ASSIGNMENT((#3841));
#3843=STYLED_ITEM('',(#3842),#3840);
#3845=CARTESIAN_POINT('',(2.8E1,-4.3E1,-5.E0));
#3846=DIRECTION('',(-1.E0,0.E0,0.E0));
#3847=DIRECTION('',(0.E0,0.E0,-1.E0));
#3848=AXIS2_PLACEMENT_3D('',#3845,#3846,#3847);
#3851=CURVE_STYLE('',#3330,POSITIVE_LENGTH_MEASURE(2.E-2),#1);
#3852=PRESENTATION_STYLE_ASSIGNMENT((#3851));
#3853=STYLED_ITEM('',(#3852),#3850);
#3856=CARTESIAN_POINT('',(2.8E1,-3.3E1,-5.E0));
#3857=DIRECTION('',(-1.E0,0.E0,0.E0));
#3858=DIRECTION('',(0.E0,0.E0,1.E0));
#3859=AXIS2_PLACEMENT_3D('',#3856,#3857,#3858);
#3862=CURVE_STYLE('',#3330,POSITIVE_LENGTH_MEASURE(2.E-2),#1);
#3863=PRESENTATION_STYLE_ASSIGNMENT((#3862));
#3864=STYLED_ITEM('',(#3863),#3861);
#3866=CARTESIAN_POINT('',(2.8E1,-3.3E1,-5.E0));
#3867=DIRECTION('',(-1.E0,0.E0,0.E0));
#3868=DIRECTION('',(0.E0,0.E0,-1.E0));
#3869=AXIS2_PLACEMENT_3D('',#3866,#3867,#3868);
#3872=CURVE_STYLE('',#3330,POSITIVE_LENGTH_MEASURE(2.E-2),#1);
#3873=PRESENTATION_STYLE_ASSIGNMENT((#3872));
#3874=STYLED_ITEM('',(#3873),#3871);
#3877=DIRECTION('',(0.E0,0.E0,-1.E0));
#3878=VECTOR('',#3877,7.6E1);
#3879=CARTESIAN_POINT('',(2.8E1,-3.8E1,3.8E1));
#3880=LINE('',#3879,#3878);
#3882=CURVE_STYLE('',#3330,POSITIVE_LENGTH_MEASURE(2.E-2),#5);
#3883=PRESENTATION_STYLE_ASSIGNMENT((#3882));
#3884=STYLED_ITEM('',(#3883),#3881);
#3885=DIRECTION('',(-1.E0,0.E0,0.E0));
#3886=VECTOR('',#3885,3.5E0);
#3887=CARTESIAN_POINT('',(2.15E1,-3.3E1,5.E0));
#3888=LINE('',#3887,#3886);
#3890=CURVE_STYLE('',#3330,POSITIVE_LENGTH_MEASURE(2.E-2),#5);
#3891=PRESENTATION_STYLE_ASSIGNMENT((#3890));
#3892=STYLED_ITEM('',(#3891),#3889);
#3893=DIRECTION('',(-1.E0,0.E0,0.E0));
#3894=VECTOR('',#3893,3.5E0);
#3895=CARTESIAN_POINT('',(2.15E1,-4.3E1,5.E0));
#3896=LINE('',#3895,#3894);
#3898=CURVE_STYLE('',#3330,POSITIVE_LENGTH_MEASURE(2.E-2),#5);
#3899=PRESENTATION_STYLE_ASSIGNMENT((#3898));
#3900=STYLED_ITEM('',(#3899),#3897);
#3901=DIRECTION('',(-1.E0,0.E0,0.E0));
#3902=VECTOR('',#3901,3.5E0);
#3903=CARTESIAN_POINT('',(2.15E1,-4.3E1,-5.E0));
#3904=LINE('',#3903,#3902);
#3906=CURVE_STYLE('',#3330,POSITIVE_LENGTH_MEASURE(2.E-2),#5);
#3907=PRESENTATION_STYLE_ASSIGNMENT((#3906));
#3908=STYLED_ITEM('',(#3907),#3905);
#3909=DIRECTION('',(-1.E0,0.E0,0.E0));
#3910=VECTOR('',#3909,3.5E0);
#3911=CARTESIAN_POINT('',(2.15E1,-3.3E1,-5.E0));
#3912=LINE('',#3911,#3910);
#3914=CURVE_STYLE('',#3330,POSITIVE_LENGTH_MEASURE(2.E-2),#5);
#3915=PRESENTATION_STYLE_ASSIGNMENT((#3914));
#3916=STYLED_ITEM('',(#3915),#3913);
#3917=CARTESIAN_POINT('',(2.8E1,-3.3E1,-5.E0));
#3918=DIRECTION('',(-1.E0,0.E0,0.E0));
#3919=DIRECTION('',(0.E0,0.E0,1.E0));
#3920=AXIS2_PLACEMENT_3D('',#3917,#3918,#3919);
#3923=CURVE_STYLE('',#3330,POSITIVE_LENGTH_MEASURE(2.E-2),#1);
#3924=PRESENTATION_STYLE_ASSIGNMENT((#3923));
#3925=STYLED_ITEM('',(#3924),#3922);
#3927=CARTESIAN_POINT('',(2.8E1,-3.3E1,-5.E0));
#3928=DIRECTION('',(-1.E0,0.E0,0.E0));
#3929=DIRECTION('',(0.E0,0.E0,-1.E0));
#3930=AXIS2_PLACEMENT_3D('',#3927,#3928,#3929);
#3933=CURVE_STYLE('',#3330,POSITIVE_LENGTH_MEASURE(2.E-2),#1);
#3934=PRESENTATION_STYLE_ASSIGNMENT((#3933));
#3935=STYLED_ITEM('',(#3934),#3932);
#3938=CARTESIAN_POINT('',(2.8E1,-3.3E1,5.E0));
#3939=DIRECTION('',(-1.E0,0.E0,0.E0));
#3940=DIRECTION('',(0.E0,0.E0,1.E0));
#3941=AXIS2_PLACEMENT_3D('',#3938,#3939,#3940);
#3944=CURVE_STYLE('',#3330,POSITIVE_LENGTH_MEASURE(2.E-2),#1);
#3945=PRESENTATION_STYLE_ASSIGNMENT((#3944));
#3946=STYLED_ITEM('',(#3945),#3943);
#3948=CARTESIAN_POINT('',(2.8E1,-3.3E1,5.E0));
#3949=DIRECTION('',(-1.E0,0.E0,0.E0));
#3950=DIRECTION('',(0.E0,0.E0,-1.E0));
#3951=AXIS2_PLACEMENT_3D('',#3948,#3949,#3950);
#3954=CURVE_STYLE('',#3330,POSITIVE_LENGTH_MEASURE(2.E-2),#1);
#3955=PRESENTATION_STYLE_ASSIGNMENT((#3954));
#3956=STYLED_ITEM('',(#3955),#3953);
#3959=CARTESIAN_POINT('',(2.8E1,-4.3E1,5.E0));
#3960=DIRECTION('',(-1.E0,0.E0,0.E0));
#3961=DIRECTION('',(0.E0,0.E0,1.E0));
#3962=AXIS2_PLACEMENT_3D('',#3959,#3960,#3961);
#3965=CURVE_STYLE('',#3330,POSITIVE_LENGTH_MEASURE(2.E-2),#1);
#3966=PRESENTATION_STYLE_ASSIGNMENT((#3965));
#3967=STYLED_ITEM('',(#3966),#3964);
#3969=CARTESIAN_POINT('',(2.8E1,-4.3E1,5.E0));
#3970=DIRECTION('',(-1.E0,0.E0,0.E0));
#3971=DIRECTION('',(0.E0,0.E0,-1.E0));
#3972=AXIS2_PLACEMENT_3D('',#3969,#3970,#3971);
#3975=CURVE_STYLE('',#3330,POSITIVE_LENGTH_MEASURE(2.E-2),#1);
#3976=PRESENTATION_STYLE_ASSIGNMENT((#3975));
#3977=STYLED_ITEM('',(#3976),#3974);
#3980=CARTESIAN_POINT('',(2.8E1,-4.3E1,-5.E0));
#3981=DIRECTION('',(-1.E0,0.E0,0.E0));
#3982=DIRECTION('',(0.E0,0.E0,1.E0));
#3983=AXIS2_PLACEMENT_3D('',#3980,#3981,#3982);
#3986=CURVE_STYLE('',#3330,POSITIVE_LENGTH_MEASURE(2.E-2),#1);
#3987=PRESENTATION_STYLE_ASSIGNMENT((#3986));
#3988=STYLED_ITEM('',(#3987),#3985);
#3990=CARTESIAN_POINT('',(2.8E1,-4.3E1,-5.E0));
#3991=DIRECTION('',(-1.E0,0.E0,0.E0));
#3992=DIRECTION('',(0.E0,0.E0,-1.E0));
#3993=AXIS2_PLACEMENT_3D('',#3990,#3991,#3992);
#3996=CURVE_STYLE('',#3330,POSITIVE_LENGTH_MEASURE(2.E-2),#1);
#3997=PRESENTATION_STYLE_ASSIGNMENT((#3996));
#3998=STYLED_ITEM('',(#3997),#3995);
#4001=DIRECTION('',(-1.E0,0.E0,0.E0));
#4002=VECTOR('',#4001,6.5E0);
#4003=CARTESIAN_POINT('',(2.8E1,-3.3E1,-5.E0));
#4004=LINE('',#4003,#4002);
#4006=CURVE_STYLE('',#3330,POSITIVE_LENGTH_MEASURE(2.E-2),#5);
#4007=PRESENTATION_STYLE_ASSIGNMENT((#4006));
#4008=STYLED_ITEM('',(#4007),#4005);
#4009=DIRECTION('',(-1.E0,0.E0,0.E0));
#4010=VECTOR('',#4009,6.5E0);
#4011=CARTESIAN_POINT('',(2.8E1,-3.3E1,5.E0));
#4012=LINE('',#4011,#4010);
#4014=CURVE_STYLE('',#3330,POSITIVE_LENGTH_MEASURE(2.E-2),#5);
#4015=PRESENTATION_STYLE_ASSIGNMENT((#4014));
#4016=STYLED_ITEM('',(#4015),#4013);
#4017=DIRECTION('',(-1.E0,0.E0,0.E0));
#4018=VECTOR('',#4017,6.5E0);
#4019=CARTESIAN_POINT('',(2.8E1,-4.3E1,5.E0));
#4020=LINE('',#4019,#4018);
#4022=CURVE_STYLE('',#3330,POSITIVE_LENGTH_MEASURE(2.E-2),#5);
#4023=PRESENTATION_STYLE_ASSIGNMENT((#4022));
#4024=STYLED_ITEM('',(#4023),#4021);
#4025=DIRECTION('',(-1.E0,0.E0,0.E0));
#4026=VECTOR('',#4025,6.5E0);
#4027=CARTESIAN_POINT('',(2.8E1,-4.3E1,-5.E0));
#4028=LINE('',#4027,#4026);
#4030=CURVE_STYLE('',#3330,POSITIVE_LENGTH_MEASURE(2.E-2),#5);
#4031=PRESENTATION_STYLE_ASSIGNMENT((#4030));
#4032=STYLED_ITEM('',(#4031),#4029);
#4033=DIRECTION('',(0.E0,-1.E0,0.E0));
#4034=VECTOR('',#4033,1.2E1);
#4035=CARTESIAN_POINT('',(1.8E1,-3.8E1,2.5E0));
#4036=LINE('',#4035,#4034);
#4038=CURVE_STYLE('',#3330,POSITIVE_LENGTH_MEASURE(2.E-2),#1);
#4039=PRESENTATION_STYLE_ASSIGNMENT((#4038));
#4040=STYLED_ITEM('',(#4039),#4037);
#4042=DIRECTION('',(0.E0,0.E0,-1.E0));
#4043=VECTOR('',#4042,5.E0);
#4044=CARTESIAN_POINT('',(1.8E1,-5.E1,2.5E0));
#4045=LINE('',#4044,#4043);
#4047=CURVE_STYLE('',#3330,POSITIVE_LENGTH_MEASURE(2.E-2),#1);
#4048=PRESENTATION_STYLE_ASSIGNMENT((#4047));
#4049=STYLED_ITEM('',(#4048),#4046);
#4051=DIRECTION('',(0.E0,1.E0,0.E0));
#4052=VECTOR('',#4051,1.2E1);
#4053=CARTESIAN_POINT('',(1.8E1,-5.E1,-2.5E0));
#4054=LINE('',#4053,#4052);
#4056=CURVE_STYLE('',#3330,POSITIVE_LENGTH_MEASURE(2.E-2),#1);
#4057=PRESENTATION_STYLE_ASSIGNMENT((#4056));
#4058=STYLED_ITEM('',(#4057),#4055);
#4060=DIRECTION('',(0.E0,0.E0,1.E0));
#4061=VECTOR('',#4060,5.E0);
#4062=CARTESIAN_POINT('',(1.8E1,-3.8E1,-2.5E0));
#4063=LINE('',#4062,#4061);
#4065=CURVE_STYLE('',#3330,POSITIVE_LENGTH_MEASURE(2.E-2),#1);
#4066=PRESENTATION_STYLE_ASSIGNMENT((#4065));
#4067=STYLED_ITEM('',(#4066),#4064);
#4070=CARTESIAN_POINT('PNT1',(1.8E1,-5.E1,0.E0));
#4071=DIRECTION('',(0.E0,0.E0,1.E0));
#4072=VECTOR('',#4071,7.6E1);
#4073=CARTESIAN_POINT('',(1.8E1,-3.8E1,-3.8E1));
#4074=LINE('',#4073,#4072);
#4076=CURVE_STYLE('',#3330,POSITIVE_LENGTH_MEASURE(2.E-2),#5);
#4077=PRESENTATION_STYLE_ASSIGNMENT((#4076));
#4078=STYLED_ITEM('',(#4077),#4075);
#4079=DIRECTION('',(1.E0,0.E0,0.E0));
#4080=VECTOR('',#4079,1.5E0);
#4081=CARTESIAN_POINT('',(1.8E1,-5.E1,0.E0));
#4082=LINE('',#4081,#4080);
#4084=CURVE_STYLE('',#3330,POSITIVE_LENGTH_MEASURE(2.E-2),#5);
#4085=PRESENTATION_STYLE_ASSIGNMENT((#4084));
#4086=STYLED_ITEM('',(#4085),#4083);
#4087=DIRECTION('',(-1.E0,0.E0,0.E0));
#4088=VECTOR('',#4087,5.E-1);
#4089=CARTESIAN_POINT('',(1.95E1,-3.8E1,0.E0));
#4090=LINE('',#4089,#4088);
#4092=CURVE_STYLE('',#3330,POSITIVE_LENGTH_MEASURE(2.E-2),#5);
#4093=PRESENTATION_STYLE_ASSIGNMENT((#4092));
#4094=STYLED_ITEM('',(#4093),#4091);
#4095=DIRECTION('',(1.E0,0.E0,0.E0));
#4096=VECTOR('',#4095,8.5E0);
#4097=CARTESIAN_POINT('',(1.95E1,-3.8E1,0.E0));
#4098=LINE('',#4097,#4096);
#4100=CURVE_STYLE('',#3330,POSITIVE_LENGTH_MEASURE(2.E-2),#5);
#4101=PRESENTATION_STYLE_ASSIGNMENT((#4100));
#4102=STYLED_ITEM('',(#4101),#4099);
#4103=CARTESIAN_POINT('',(2.1E1,0.E0,-2.1E1));
#4104=DIRECTION('',(0.E0,1.E0,0.E0));
#4105=DIRECTION('',(-1.E0,0.E0,0.E0));
#4106=AXIS2_PLACEMENT_3D('',#4103,#4104,#4105);
#4109=CURVE_STYLE('',#3330,POSITIVE_LENGTH_MEASURE(2.E-2),#1);
#4110=PRESENTATION_STYLE_ASSIGNMENT((#4109));
#4111=STYLED_ITEM('',(#4110),#4108);
#4113=CARTESIAN_POINT('',(2.1E1,0.E0,-2.1E1));
#4114=DIRECTION('',(0.E0,1.E0,0.E0));
#4115=DIRECTION('',(1.E0,0.E0,0.E0));
#4116=AXIS2_PLACEMENT_3D('',#4113,#4114,#4115);
#4119=CURVE_STYLE('',#3330,POSITIVE_LENGTH_MEASURE(2.E-2),#1);
#4120=PRESENTATION_STYLE_ASSIGNMENT((#4119));
#4121=STYLED_ITEM('',(#4120),#4118);
#4124=CARTESIAN_POINT('',(2.1E1,0.E0,2.1E1));
#4125=DIRECTION('',(0.E0,1.E0,0.E0));
#4126=DIRECTION('',(-1.E0,0.E0,0.E0));
#4127=AXIS2_PLACEMENT_3D('',#4124,#4125,#4126);
#4130=CURVE_STYLE('',#3330,POSITIVE_LENGTH_MEASURE(2.E-2),#1);
#4131=PRESENTATION_STYLE_ASSIGNMENT((#4130));
#4132=STYLED_ITEM('',(#4131),#4129);
#4134=CARTESIAN_POINT('',(2.1E1,0.E0,2.1E1));
#4135=DIRECTION('',(0.E0,1.E0,0.E0));
#4136=DIRECTION('',(1.E0,0.E0,0.E0));
#4137=AXIS2_PLACEMENT_3D('',#4134,#4135,#4136);
#4140=CURVE_STYLE('',#3330,POSITIVE_LENGTH_MEASURE(2.E-2),#1);
#4141=PRESENTATION_STYLE_ASSIGNMENT((#4140));
#4142=STYLED_ITEM('',(#4141),#4139);
#4145=CARTESIAN_POINT('',(-2.1E1,0.E0,2.1E1));
#4146=DIRECTION('',(0.E0,1.E0,0.E0));
#4147=DIRECTION('',(-1.E0,0.E0,0.E0));
#4148=AXIS2_PLACEMENT_3D('',#4145,#4146,#4147);
#4151=CURVE_STYLE('',#3330,POSITIVE_LENGTH_MEASURE(2.E-2),#1);
#4152=PRESENTATION_STYLE_ASSIGNMENT((#4151));
#4153=STYLED_ITEM('',(#4152),#4150);
#4155=CARTESIAN_POINT('',(-2.1E1,0.E0,2.1E1));
#4156=DIRECTION('',(0.E0,1.E0,0.E0));
#4157=DIRECTION('',(1.E0,0.E0,0.E0));
#4158=AXIS2_PLACEMENT_3D('',#4155,#4156,#4157);
#4161=CURVE_STYLE('',#3330,POSITIVE_LENGTH_MEASURE(2.E-2),#1);
#4162=PRESENTATION_STYLE_ASSIGNMENT((#4161));
#4163=STYLED_ITEM('',(#4162),#4160);
#4166=CARTESIAN_POINT('',(-2.1E1,0.E0,-2.1E1));
#4167=DIRECTION('',(0.E0,1.E0,0.E0));
#4168=DIRECTION('',(-1.E0,0.E0,0.E0));
#4169=AXIS2_PLACEMENT_3D('',#4166,#4167,#4168);
#4172=CURVE_STYLE('',#3330,POSITIVE_LENGTH_MEASURE(2.E-2),#1);
#4173=PRESENTATION_STYLE_ASSIGNMENT((#4172));
#4174=STYLED_ITEM('',(#4173),#4171);
#4176=CARTESIAN_POINT('',(-2.1E1,0.E0,-2.1E1));
#4177=DIRECTION('',(0.E0,1.E0,0.E0));
#4178=DIRECTION('',(1.E0,0.E0,0.E0));
#4179=AXIS2_PLACEMENT_3D('',#4176,#4177,#4178);
#4182=CURVE_STYLE('',#3330,POSITIVE_LENGTH_MEASURE(2.E-2),#1);
#4183=PRESENTATION_STYLE_ASSIGNMENT((#4182));
#4184=STYLED_ITEM('',(#4183),#4181);
#4187=DIRECTION('',(0.E0,1.E0,0.E0));
#4188=VECTOR('',#4187,5.E0);
#4189=CARTESIAN_POINT('',(2.1E1,-5.E0,-2.1E1));
#4190=LINE('',#4189,#4188);
#4192=CURVE_STYLE('',#3330,POSITIVE_LENGTH_MEASURE(2.E-2),#5);
#4193=PRESENTATION_STYLE_ASSIGNMENT((#4192));
#4194=STYLED_ITEM('',(#4193),#4191);
#4195=DIRECTION('',(0.E0,1.E0,0.E0));
#4196=VECTOR('',#4195,5.E0);
#4197=CARTESIAN_POINT('',(2.1E1,-5.E0,2.1E1));
#4198=LINE('',#4197,#4196);
#4200=CURVE_STYLE('',#3330,POSITIVE_LENGTH_MEASURE(2.E-2),#5);
#4201=PRESENTATION_STYLE_ASSIGNMENT((#4200));
#4202=STYLED_ITEM('',(#4201),#4199);
#4203=DIRECTION('',(0.E0,1.E0,0.E0));
#4204=VECTOR('',#4203,5.E0);
#4205=CARTESIAN_POINT('',(-2.1E1,-5.E0,2.1E1));
#4206=LINE('',#4205,#4204);
#4208=CURVE_STYLE('',#3330,POSITIVE_LENGTH_MEASURE(2.E-2),#5);
#4209=PRESENTATION_STYLE_ASSIGNMENT((#4208));
#4210=STYLED_ITEM('',(#4209),#4207);
#4211=DIRECTION('',(0.E0,1.E0,0.E0));
#4212=VECTOR('',#4211,5.E0);
#4213=CARTESIAN_POINT('',(-2.1E1,-5.E0,-2.1E1));
#4214=LINE('',#4213,#4212);
#4216=CURVE_STYLE('',#3330,POSITIVE_LENGTH_MEASURE(2.E-2),#5);
#4217=PRESENTATION_STYLE_ASSIGNMENT((#4216));
#4218=STYLED_ITEM('',(#4217),#4215);
#4219=PRESENTATION_LAYER_ASSIGNMENT('_26_BEZUGSACHSEN','',(#3338,#3368,#3450,
#3490,#3491,#3496,#3504,#3512,#3536,#3557,#3578,#3599,#3604,#3612,#3620,#3628,
#3636,#3728,#3736,#3744,#3752,#3813,#3834,#3855,#3876,#3881,#3889,#3897,#3905,
#3913,#4005,#4013,#4021,#4029,#4069,#4070,#4075,#4083,#4091,#4099,#4191,#4199,
#4207,#4215));
#4220=PRESENTATION_LAYER_ASSIGNMENT('_27_BEZUGSEBENEN','',(#3315,#3320,#3325));
#4221=PRESENTATION_LAYER_ASSIGNMENT('_29_KOORDINATENSYSTEME','',(#3329));
#4222=PRESENTATION_LAYER_ASSIGNMENT('_00_PRT_START_FEATURES','',(#3315,#3320,
#3325,#3329,#3338));
#4223=PRESENTATION_LAYER_ASSIGNMENT('_21_KURVEN','',(#3362,#3408,#3445,#3490,
#3491,#3496,#3536,#3557,#3578,#3599,#3604,#3660,#3681,#3702,#3723,#3792,#3813,
#3834,#3855,#3876,#3881,#3937,#3958,#3979,#4000,#4069,#4070,#4075,#4123,#4144,
#4165,#4186));
#4224=PRESENTATION_LAYER_ASSIGNMENT('.BLACK_HOLE','',(#3362,#3408,#3445,#3490,
#3491,#3496,#3536,#3557,#3578,#3599,#3604,#3660,#3681,#3702,#3723,#3792,#3813,
#3834,#3855,#3876,#3881,#3937,#3958,#3979,#4000,#4069,#4070,#4075,#4123,#4144,
#4165,#4186,#4355,#4542));
#4225=PRESENTATION_LAYER_ASSIGNMENT('_30_VOLUMEN','',(#3368,#3450,#3504,#3512,
#3728,#3736,#3744,#3752,#4099));
#4226=PRESENTATION_LAYER_ASSIGNMENT('_34_BOHRUNGEN','',(#3450,#3512,#4091,
#4099));
#4227=PRESENTATION_LAYER_ASSIGNMENT('_28_BEZUGSPUNKTE','',(#3490,#3491,#3496,
#4069,#4070,#4075));
#4228=INVISIBILITY((#4224));
#4231=PLANE_ANGLE_MEASURE_WITH_UNIT(PLANE_ANGLE_MEASURE(1.745329251994E-2),
#4230);
#4232=(CONVERSION_BASED_UNIT('DEGREE',#4231)NAMED_UNIT(*)PLANE_ANGLE_UNIT());
#4234=UNCERTAINTY_MEASURE_WITH_UNIT(LENGTH_MEASURE(1.E-2),#4229,'closure',
'Maximum model space distance between geometric entities at asserted connectivities');
#3363=GEOMETRIC_CURVE_SET('50',(#3362,#3408,#3445,#3490,#3536,#3557,#3578,#3599,
#3660,#3681,#3702,#3723,#3792,#3813,#3834,#3855,#3876,#3937,#3958,#3979,#4000,
#4069,#4123,#4144,#4165,#4186));
#4239=CARTESIAN_POINT('',(0.E0,0.E0,0.E0));
#4240=DIRECTION('',(0.E0,0.E0,1.E0));
#4241=DIRECTION('',(1.E0,0.E0,0.E0));
#4244=SHAPE_REPRESENTATION_RELATIONSHIP('','',#4243,#4236);
#4245=SHAPE_REPRESENTATION_RELATIONSHIP('','',#4243,#4237);
#4246=CONSTRUCTIVE_GEOMETRY_REPRESENTATION_RELATIONSHIP('','',#4243,#4238);
#4247=MECHANICAL_DESIGN_GEOMETRIC_PRESENTATION_REPRESENTATION('',(#3333,#3341,
#3350,#3360,#3371,#3379,#3388,#3397,#3406,#3416,#3425,#3434,#3443,#3453,#3461,
#3470,#3479,#3488,#3499,#3507,#3515,#3524,#3534,#3545,#3555,#3566,#3576,#3587,
#3597,#3607,#3615,#3623,#3631,#3639,#3648,#3658,#3669,#3679,#3690,#3700,#3711,
#3721,#3731,#3739,#3747,#3755,#3763,#3772,#3781,#3790,#3801,#3811,#3822,#3832,
#3843,#3853,#3864,#3874,#3884,#3892,#3900,#3908,#3916,#3925,#3935,#3946,#3956,
#3967,#3977,#3988,#3998,#4008,#4016,#4024,#4032,#4040,#4049,#4058,#4067,#4078,
#4086,#4094,#4102,#4111,#4121,#4132,#4142,#4153,#4163,#4174,#4184,#4194,#4202,
#4210,#4218),#4235);
#4248=APPLICATION_CONTEXT('automotive design');
#4249=APPLICATION_PROTOCOL_DEFINITION('international standard',
'config_control_design',1994,#4248);
#4250=PRODUCT_DEFINITION_CONTEXT('',#4248,'design');
#4251=PRODUCT_CONTEXT('',#4248,'mechanical');
#4252=PRODUCT('PRT0001','PRT0001','NOT SPECIFIED',(#4251));
#4253=PRODUCT_DEFINITION_FORMATION_WITH_SPECIFIED_SOURCE('7','LAST_VERSION',
#4252,.MADE.);
#4261=DERIVED_UNIT_ELEMENT(#4260,-3.E0);
#4263=DERIVED_UNIT_ELEMENT(#4262,1.E0);
#4264=DERIVED_UNIT((#4261,#4263));
#4265=MEASURE_REPRESENTATION_ITEM('density measure',POSITIVE_RATIO_MEASURE(
7.85E-6),#4264);
#4269=DESCRIPTIVE_REPRESENTATION_ITEM('STAHL_ALLGEMEIN','');
#4278=DERIVED_UNIT_ELEMENT(#4277,2.E0);
#4279=AREA_UNIT((#4278));
#4280=MEASURE_REPRESENTATION_ITEM('surface area measure',AREA_MEASURE(
1.714439211163E4),#4279);
#4285=DERIVED_UNIT_ELEMENT(#4284,3.E0);
#4286=VOLUME_UNIT((#4285));
#4287=MEASURE_REPRESENTATION_ITEM('volume measure',VOLUME_MEASURE(
4.975281049464E4),#4286);
#4291=CARTESIAN_POINT('centre point',(5.472491861463E-9,-1.224392271324E1,
-1.327966469150E-5));
#4296=DERIVED_UNIT_ELEMENT(#4295,2.E0);
#4297=AREA_UNIT((#4296));
#4298=MEASURE_REPRESENTATION_ITEM('surface area measure',AREA_MEASURE(
1.714439211163E4),#4297);
#4303=DERIVED_UNIT_ELEMENT(#4302,3.E0);
#4304=VOLUME_UNIT((#4303));
#4305=MEASURE_REPRESENTATION_ITEM('volume measure',VOLUME_MEASURE(
4.975281049464E4),#4304);
#4309=CARTESIAN_POINT('centre point',(5.472491861463E-9,-1.224392271324E1,
-1.327966469150E-5));
#4313=PRODUCT_CONTEXT('',#4248,'mechanical');
#4314=PRODUCT('STAHL_ALLGEMEIN','allgemeiner Stahl','NOT SPECIFIED',(#4313));
#4315=PRODUCT_DEFINITION_FORMATION_WITH_SPECIFIED_SOURCE('','LAST_VERSION',
#4314,.MADE.);
#4318=DIMENSIONAL_EXPONENTS(0.E0,0.E0,0.E0,0.E0,0.E0,0.E0,0.E0);
#4319=NAMED_UNIT(#4318);
#4320=MEASURE_WITH_UNIT(COUNT_MEASURE(1.E0),#4319);
#4322=DERIVED_UNIT_ELEMENT(#4321,-3.E0);
#4324=DERIVED_UNIT_ELEMENT(#4323,1.E0);
#4325=DERIVED_UNIT((#4322,#4324));
#4326=MEASURE_REPRESENTATION_ITEM('density measure',POSITIVE_RATIO_MEASURE(
7.85E-6),#4325);
#4332=VALUE_FORMAT_TYPE_QUALIFIER('NR2 1.2');
#4333=(LENGTH_MEASURE_WITH_UNIT()MEASURE_REPRESENTATION_ITEM()MEASURE_WITH_UNIT(LENGTH_MEASURE(0.E0),#4229)QUALIFIED_REPRESENTATION_ITEM((#4332))REPRESENTATION_ITEM('nominal value'));
#4337=SHAPE_ASPECT_DERIVING_RELATIONSHIP('Centre of a Symmetrical Feature','',
#4336,#4335);
#4339=DIMENSIONAL_LOCATION('linear distance','',#4336,#4338);
#4340=DIMENSIONAL_CHARACTERISTIC_REPRESENTATION(#4339,#4334);
#4341=CARTESIAN_POINT('',(0.E0,0.E0,0.E0));
#4342=DIRECTION('',(0.E0,0.E0,1.E0));
#4343=DIRECTION('',(1.E0,0.E0,0.E0));
#4344=AXIS2_PLACEMENT_3D('',#4341,#4342,#4343);
#4345=REPRESENTATION_MAP(#4344,#4243);
#4346=MAPPED_ITEM('',#4345,#4344);
#4347=PRESENTATION_STYLE_ASSIGNMENT((.NULL.));
#4348=STYLED_ITEM('',(#4347),#4346);
#4349=DRAUGHTING_MODEL('',(#4344,#4346,#4348,#4357,#4544),#4235);
#4351=CARTESIAN_POINT('',(0.E0,-2.500433104485E1,-3.098952926739E0));
#4352=DIRECTION('',(0.E0,0.E0,1.E0));
#4353=DIRECTION('',(1.E0,0.E0,0.E0));
#4354=AXIS2_PLACEMENT_3D('',#4351,#4352,#4353);
#4355=PLANE('ANNOTPLANE_1',#4354);
#4356=PRESENTATION_STYLE_ASSIGNMENT((.NULL.));
#4357=ANNOTATION_PLANE('',(#4356),#4355,(#4502,#4512));
#4358=CARTESIAN_POINT('',(-1.003123168945E2,1.207715511322E1,
-3.098953008652E0));
#4359=CARTESIAN_POINT('',(-1.003407669067E2,1.207004261017E1,
-3.098953008652E0));
#4360=CARTESIAN_POINT('',(-1.003692169189E2,1.206293010712E1,
-3.098953008652E0));
#4361=CARTESIAN_POINT('',(-1.003976669312E2,1.204870414734E1,
-3.098953008652E0));
#4362=CARTESIAN_POINT('',(-1.004190063477E2,1.203447914124E1,
-3.098953008652E0));
#4363=CARTESIAN_POINT('',(-1.004403381348E2,1.200602817535E1,
-3.098953008652E0));
#4364=CARTESIAN_POINT('',(-1.004616775513E2,1.197757720947E1,
-3.098953008652E0));
#4365=CARTESIAN_POINT('',(-1.004830169678E2,1.194912624359E1,
-3.098953008652E0));
#4366=CARTESIAN_POINT('',(-1.004972457886E2,1.190645027161E1,
-3.098953008652E0));
#4367=CARTESIAN_POINT('',(-1.005185775757E2,1.184954929352E1,
-3.098953008652E0));
#4368=CARTESIAN_POINT('',(-1.005328063965E2,1.179264736176E1,
-3.098953008652E0));
#4369=CARTESIAN_POINT('',(-1.005470352173E2,1.173574638367E1,
-3.098953008652E0));
#4370=CARTESIAN_POINT('',(-1.005612564087E2,1.166461944580E1,
-3.098953008652E0));
#4371=CARTESIAN_POINT('',(-1.005754852295E2,1.159349250793E1,
-3.098953008652E0));
#4372=CARTESIAN_POINT('',(-1.005825958252E2,1.152236557007E1,
-3.098953008652E0));
#4373=CARTESIAN_POINT('',(-1.005825958252E2,1.145123863220E1,
-3.098953008652E0));
#4374=CARTESIAN_POINT('',(-1.005825958252E2,1.137299919128E1,
-3.098953008652E0));
#4375=CARTESIAN_POINT('',(-1.005825958252E2,1.128764629364E1,
-3.098953008652E0));
#4376=CARTESIAN_POINT('',(-1.005754852295E2,1.120940685272E1,
-3.098953008652E0));
#4377=CARTESIAN_POINT('',(-1.005683670044E2,1.112405490875E1,
-3.098953008652E0));
#4378=CARTESIAN_POINT('',(-1.005612564087E2,1.105292797089E1,
-3.098953008652E0));
#4379=CARTESIAN_POINT('',(-1.005399169922E2,1.098180103302E1,
-3.098953008652E0));
#4380=CARTESIAN_POINT('',(-1.005256958008E2,1.091067409515E1,
-3.098953008652E0));
#4381=CARTESIAN_POINT('',(-1.005043563843E2,1.085377311707E1,
-3.098953008652E0));
#4382=CARTESIAN_POINT('',(-1.004759063721E2,1.079687118530E1,
-3.098953008652E0));
#4383=CARTESIAN_POINT('',(-1.004616775513E2,1.076842021942E1,
-3.098953008652E0));
#4384=CARTESIAN_POINT('',(-1.004474563599E2,1.074708271027E1,
-3.098953008652E0));
#4385=CARTESIAN_POINT('',(-1.004261169434E2,1.072574424744E1,
-3.098953008652E0));
#4386=CARTESIAN_POINT('',(-1.004047775269E2,1.070440673828E1,
-3.098953008652E0));
#4387=CARTESIAN_POINT('',(-1.003834381104E2,1.069018077850E1,
-3.098953008652E0));
#4388=CARTESIAN_POINT('',(-1.003620986938E2,1.068306827545E1,
-3.098953008652E0));
#4389=CARTESIAN_POINT('',(-1.003407669067E2,1.067595577240E1,
-3.098953008652E0));
#4390=CARTESIAN_POINT('',(-1.003194274902E2,1.067595577240E1,
-3.098953008652E0));
#4391=CARTESIAN_POINT('',(-1.002909774780E2,1.067595577240E1,
-3.098953008652E0));
#4392=CARTESIAN_POINT('',(-1.002625274658E2,1.068306827545E1,
-3.098953008652E0));
#4393=CARTESIAN_POINT('',(-1.002340774536E2,1.069729328156E1,
-3.098953008652E0));
#4394=CARTESIAN_POINT('',(-1.002127380371E2,1.071151924133E1,
-3.098953008652E0));
#4395=CARTESIAN_POINT('',(-1.001913986206E2,1.073997020721E1,
-3.098953008652E0));
#4396=CARTESIAN_POINT('',(-1.001700592041E2,1.076842021942E1,
-3.098953008652E0));
#4397=CARTESIAN_POINT('',(-1.001487197876E2,1.080398368835E1,
-3.098953008652E0));
#4398=CARTESIAN_POINT('',(-1.001344985962E2,1.083954715729E1,
-3.098953008652E0));
#4399=CARTESIAN_POINT('',(-1.001131591797E2,1.088933658600E1,
-3.098953008652E0));
#4400=CARTESIAN_POINT('',(-1.000989303589E2,1.094623756409E1,
-3.098953008652E0));
#4401=CARTESIAN_POINT('',(-1.000775909424E2,1.101025199890E1,
-3.098953008652E0));
#4402=CARTESIAN_POINT('',(-1.000704803467E2,1.107426643372E1,
-3.098953008652E0));
#4403=CARTESIAN_POINT('',(-1.000562591553E2,1.114539337158E1,
-3.098953008652E0));
#4404=CARTESIAN_POINT('',(-1.000491409302E2,1.121652030945E1,
-3.098953008652E0));
#4405=CARTESIAN_POINT('',(-1.000491409302E2,1.128764629364E1,
-3.098953008652E0));
#4406=CARTESIAN_POINT('',(-1.000420303345E2,1.136588668823E1,
-3.098953008652E0));
#4407=CARTESIAN_POINT('',(-1.000491409302E2,1.144412612915E1,
-3.098953008652E0));
#4408=CARTESIAN_POINT('',(-1.000491409302E2,1.151525306702E1,
-3.098953008652E0));
#4409=CARTESIAN_POINT('',(-1.000562591553E2,1.158638000488E1,
-3.098953008652E0));
#4410=CARTESIAN_POINT('',(-1.000633697510E2,1.165039348602E1,
-3.098953008652E0));
#4411=CARTESIAN_POINT('',(-1.000775909424E2,1.171440792084E1,
-3.098953008652E0));
#4412=CARTESIAN_POINT('',(-1.000918197632E2,1.177130985260E1,
-3.098953008652E0));
#4413=CARTESIAN_POINT('',(-1.001060485840E2,1.182821083069E1,
-3.098953008652E0));
#4414=CARTESIAN_POINT('',(-1.001202697754E2,1.187800025940E1,
-3.098953008652E0));
#4415=CARTESIAN_POINT('',(-1.001416091919E2,1.192067623138E1,
-3.098953008652E0));
#4416=CARTESIAN_POINT('',(-1.001629486084E2,1.195623970032E1,
-3.098953008652E0));
#4417=CARTESIAN_POINT('',(-1.001842880249E2,1.199180316925E1,
-3.098953008652E0));
#4418=CARTESIAN_POINT('',(-1.002056198120E2,1.202025318146E1,
-3.098953008652E0));
#4419=CARTESIAN_POINT('',(-1.002340774536E2,1.204159164429E1,
-3.098953008652E0));
#4420=CARTESIAN_POINT('',(-1.002554092407E2,1.206293010712E1,
-3.098953008652E0));
#4421=CARTESIAN_POINT('',(-1.002838592529E2,1.207004261017E1,
-3.098953008652E0));
#4422=CARTESIAN_POINT('',(-1.003123168945E2,1.207715511322E1,
-3.098953008652E0));
#4424=CARTESIAN_POINT('',(-1.003194274902E2,1.226208496094E1,
-3.098953008652E0));
#4425=CARTESIAN_POINT('',(-1.002696380615E2,1.225497245789E1,
-3.098953008652E0));
#4426=CARTESIAN_POINT('',(-1.002198486328E2,1.224074649811E1,
-3.098953008652E0));
#4427=CARTESIAN_POINT('',(-1.001771697998E2,1.221940898895E1,
-3.098953008652E0));
#4428=CARTESIAN_POINT('',(-1.001344985962E2,1.219095802307E1,
-3.098953008652E0));
#4429=CARTESIAN_POINT('',(-1.000918197632E2,1.215539455414E1,
-3.098953008652E0));
#4430=CARTESIAN_POINT('',(-1.000562591553E2,1.211271858215E1,
-3.098953008652E0));
#4431=CARTESIAN_POINT('',(-1.000206909180E2,1.206293010712E1,
-3.098953008652E0));
#4432=CARTESIAN_POINT('',(-9.998513031006E1,1.201314067841E1,
-3.098953008652E0));
#4433=CARTESIAN_POINT('',(-9.995668029785E1,1.194912624359E1,
-3.098953008652E0));
#4434=CARTESIAN_POINT('',(-9.993534088135E1,1.188511276245E1,
-3.098953008652E0));
#4435=CARTESIAN_POINT('',(-9.991400146484E1,1.180687332153E1,
-3.098953008652E0));
#4436=CARTESIAN_POINT('',(-9.989266204834E1,1.172863292694E1,
-3.098953008652E0));
#4437=CARTESIAN_POINT('',(-9.987844085693E1,1.164328098297E1,
-3.098953008652E0));
#4438=CARTESIAN_POINT('',(-9.987133026123E1,1.155792903900E1,
-3.098953008652E0));
#4439=CARTESIAN_POINT('',(-9.986421203613E1,1.146546363831E1,
-3.098953008652E0));
#4440=CARTESIAN_POINT('',(-9.985710144043E1,1.136588668823E1,
-3.098953008652E0));
#4441=CARTESIAN_POINT('',(-9.986421203613E1,1.127342128754E1,
-3.098953008652E0));
#4442=CARTESIAN_POINT('',(-9.987133026123E1,1.118095684052E1,
-3.098953008652E0));
#4443=CARTESIAN_POINT('',(-9.987844085693E1,1.109560394287E1,
-3.098953008652E0));
#4444=CARTESIAN_POINT('',(-9.989266204834E1,1.101025199890E1,
-3.098953008652E0));
#4445=CARTESIAN_POINT('',(-9.991400146484E1,1.093201255798E1,
-3.098953008652E0));
#4446=CARTESIAN_POINT('',(-9.993534088135E1,1.086088562012E1,
-3.098953008652E0));
#4447=CARTESIAN_POINT('',(-9.996379089355E1,1.079687118530E1,
-3.098953008652E0));
#4448=CARTESIAN_POINT('',(-9.999224090576E1,1.073285675049E1,
-3.098953008652E0));
#4449=CARTESIAN_POINT('',(-1.000206909180E2,1.067595577240E1,
-3.098953008652E0));
#4450=CARTESIAN_POINT('',(-1.000562591553E2,1.062616729736E1,
-3.098953008652E0));
#4451=CARTESIAN_POINT('',(-1.000918197632E2,1.058349037170E1,
-3.098953008652E0));
#4452=CARTESIAN_POINT('',(-1.001344985962E2,1.054792690277E1,
-3.098953008652E0));
#4453=CARTESIAN_POINT('',(-1.001771697998E2,1.051947689056E1,
-3.098953008652E0));
#4454=CARTESIAN_POINT('',(-1.002198486328E2,1.049813842773E1,
-3.098953008652E0));
#4455=CARTESIAN_POINT('',(-1.002696380615E2,1.048391342163E1,
-3.098953008652E0));
#4456=CARTESIAN_POINT('',(-1.003194274902E2,1.048391342163E1,
-3.098953008652E0));
#4457=CARTESIAN_POINT('',(-1.003692169189E2,1.048391342163E1,
-3.098953008652E0));
#4458=CARTESIAN_POINT('',(-1.004118881226E2,1.049813842773E1,
-3.098953008652E0));
#4459=CARTESIAN_POINT('',(-1.004545669556E2,1.051947689056E1,
-3.098953008652E0));
#4460=CARTESIAN_POINT('',(-1.004972457886E2,1.054792690277E1,
-3.098953008652E0));
#4461=CARTESIAN_POINT('',(-1.005399169922E2,1.058349037170E1,
-3.098953008652E0));
#4462=CARTESIAN_POINT('',(-1.005754852295E2,1.062616729736E1,
-3.098953008652E0));
#4463=CARTESIAN_POINT('',(-1.006110458374E2,1.067595577240E1,
-3.098953008652E0));
#4464=CARTESIAN_POINT('',(-1.006466064453E2,1.073285675049E1,
-3.098953008652E0));
#4465=CARTESIAN_POINT('',(-1.006750564575E2,1.079687118530E1,
-3.098953008652E0));
#4466=CARTESIAN_POINT('',(-1.006963958740E2,1.086799812317E1,
-3.098953008652E0));
#4467=CARTESIAN_POINT('',(-1.007177352905E2,1.093912506104E1,
-3.098953008652E0));
#4468=CARTESIAN_POINT('',(-1.007390747070E2,1.101736450195E1,
-3.098953008652E0));
#4469=CARTESIAN_POINT('',(-1.007533035278E2,1.110271644592E1,
-3.098953008652E0));
#4470=CARTESIAN_POINT('',(-1.007604141235E2,1.119518184662E1,
-3.098953008652E0));
#4471=CARTESIAN_POINT('',(-1.007675247192E2,1.128764629364E1,
-3.098953008652E0));
#4472=CARTESIAN_POINT('',(-1.007675247192E2,1.138011169434E1,
-3.098953008652E0));
#4473=CARTESIAN_POINT('',(-1.007675247192E2,1.147257709503E1,
-3.098953008652E0));
#4474=CARTESIAN_POINT('',(-1.007604141235E2,1.156504154205E1,
-3.098953008652E0));
#4475=CARTESIAN_POINT('',(-1.007533035278E2,1.165039348602E1,
-3.098953008652E0));
#4476=CARTESIAN_POINT('',(-1.007390747070E2,1.173574638367E1,
-3.098953008652E0));
#4477=CARTESIAN_POINT('',(-1.007177352905E2,1.181398582458E1,
-3.098953008652E0));
#4478=CARTESIAN_POINT('',(-1.006963958740E2,1.188511276245E1,
-3.098953008652E0));
#4479=CARTESIAN_POINT('',(-1.006750564575E2,1.194912624359E1,
-3.098953008652E0));
#4480=CARTESIAN_POINT('',(-1.006466064453E2,1.201314067841E1,
-3.098953008652E0));
#4481=CARTESIAN_POINT('',(-1.006110458374E2,1.206293010712E1,
-3.098953008652E0));
#4482=CARTESIAN_POINT('',(-1.005754852295E2,1.211271858215E1,
-3.098953008652E0));
#4483=CARTESIAN_POINT('',(-1.005399169922E2,1.215539455414E1,
-3.098953008652E0));
#4484=CARTESIAN_POINT('',(-1.004972457886E2,1.219095802307E1,
-3.098953008652E0));
#4485=CARTESIAN_POINT('',(-1.004545669556E2,1.221940898895E1,
-3.098953008652E0));
#4486=CARTESIAN_POINT('',(-1.004118881226E2,1.224074649811E1,
-3.098953008652E0));
#4487=CARTESIAN_POINT('',(-1.003692169189E2,1.225497245789E1,
-3.098953008652E0));
#4488=CARTESIAN_POINT('',(-1.003194274902E2,1.226208496094E1,
-3.098953008652E0));
#4490=CARTESIAN_POINT('',(-1.8E1,-3.15E1,-3.098953008652E0));
#4491=CARTESIAN_POINT('',(-1.8E1,1.110627365112E1,-3.098953008652E0));
#4493=CARTESIAN_POINT('',(-1.8E1,-1.8E1,-3.098953008652E0));
#4494=CARTESIAN_POINT('',(-1.8E1,1.110627365112E1,-3.098953008652E0));
#4496=CARTESIAN_POINT('',(-1.8E1,1.003937053680E1,-3.098953008652E0));
#4497=CARTESIAN_POINT('',(-1.009097824097E2,1.003937053680E1,
-3.098953008652E0));
#4500=CURVE_STYLE('',#3330,POSITIVE_LENGTH_MEASURE(2.E-2),#5);
#4501=PRESENTATION_STYLE_ASSIGNMENT((#4500));
#4502=ANNOTATION_CURVE_OCCURRENCE('ad91',(#4501),#4499);
#4503=CARTESIAN_POINT('',(-1.8E1,-3.15E1,-3.098952293396E0));
#4504=CARTESIAN_POINT('',(-1.8E1,-3.15E1,-4.999998569489E0));
#4506=CARTESIAN_POINT('',(-1.8E1,-1.8E1,-3.098949432373E0));
#4507=CARTESIAN_POINT('',(-1.800000953674E1,-1.800000190735E1,
1.332634656137E-5));
#4510=CURVE_STYLE('',#3330,POSITIVE_LENGTH_MEASURE(2.E-2),#13);
#4511=PRESENTATION_STYLE_ASSIGNMENT((#4510));
#4512=ANNOTATION_CURVE_OCCURRENCE('ad91',(#4511),#4509);
#4513=ANNOTATION_OCCURRENCE_RELATIONSHIP('associated curves','',#4502,#4512);
#4531=VALUE_FORMAT_TYPE_QUALIFIER('NR2 3.2');
#4532=(LENGTH_MEASURE_WITH_UNIT()MEASURE_REPRESENTATION_ITEM()MEASURE_WITH_UNIT(LENGTH_MEASURE(1.5E1),#4229)QUALIFIED_REPRESENTATION_ITEM((#4531))REPRESENTATION_ITEM('nominal value'));
#4536=DIMENSIONAL_LOCATION('linear distance','',#4534,#4535);
#4537=DIMENSIONAL_CHARACTERISTIC_REPRESENTATION(#4536,#4533);
#4538=CARTESIAN_POINT('',(-1.8E1,-2.500433104485E1,0.E0));
#4539=DIRECTION('',(1.E0,0.E0,0.E0));
#4540=DIRECTION('',(0.E0,0.E0,-1.E0));
#4541=AXIS2_PLACEMENT_3D('',#4538,#4539,#4540);
#4542=PLANE('ANNOTPLANE_3',#4541);
#4543=PRESENTATION_STYLE_ASSIGNMENT((.NULL.));
#4544=ANNOTATION_PLANE('',(#4543),#4542,(#4754));
#4545=CARTESIAN_POINT('',(-1.8E1,-3.726635742188E1,-5.117361450195E1));
#4546=CARTESIAN_POINT('',(-1.8E1,-3.730192184448E1,-5.120917892456E1));
#4547=CARTESIAN_POINT('',(-1.8E1,-3.733037185669E1,-5.123762893677E1));
#4548=CARTESIAN_POINT('',(-1.8E1,-3.735171127319E1,-5.125896453857E1));
#4549=CARTESIAN_POINT('',(-1.8E1,-3.737305068970E1,-5.128030395508E1));
#4550=CARTESIAN_POINT('',(-1.8E1,-3.741572570801E1,-5.132297897339E1));
#4551=CARTESIAN_POINT('',(-1.8E1,-3.745129013062E1,-5.135143280029E1));
#4552=CARTESIAN_POINT('',(-1.8E1,-3.747974014282E1,-5.137276840210E1));
#4553=CARTESIAN_POINT('',(-1.8E1,-3.750107574463E1,-5.138699340820E1));
#4554=CARTESIAN_POINT('',(-1.8E1,-3.752241516113E1,-5.139410781860E1));
#4555=CARTESIAN_POINT('',(-1.8E1,-3.754375457764E1,-5.140121841431E1));
#4556=CARTESIAN_POINT('',(-1.8E1,-3.755797958374E1,-5.139410781860E1));
#4557=CARTESIAN_POINT('',(-1.8E1,-3.757220458984E1,-5.139410781860E1));
#4558=CARTESIAN_POINT('',(-1.8E1,-3.758642959595E1,-5.137988281250E1));
#4559=CARTESIAN_POINT('',(-1.8E1,-3.760065460205E1,-5.137276840210E1));
#4560=CARTESIAN_POINT('',(-1.8E1,-3.761487960815E1,-5.135854339600E1));
#4561=CARTESIAN_POINT('',(-1.8E1,-3.762199401855E1,-5.134431838989E1));
#4562=CARTESIAN_POINT('',(-1.8E1,-3.762199401855E1,-5.132297897339E1));
#4563=CARTESIAN_POINT('',(-1.8E1,-3.762910461426E1,-5.130875396729E1));
#4564=CARTESIAN_POINT('',(-1.8E1,-3.762910461426E1,-5.130164337158E1));
#4565=CARTESIAN_POINT('',(-1.8E1,-3.762199401855E1,-5.128741836548E1));
#4566=CARTESIAN_POINT('',(-1.8E1,-3.761487960815E1,-5.127319335938E1));
#4567=CARTESIAN_POINT('',(-1.8E1,-3.760776901245E1,-5.125896453857E1));
#4568=CARTESIAN_POINT('',(-1.8E1,-3.757931518555E1,-5.122340393066E1));
#4569=CARTESIAN_POINT('',(-1.8E1,-3.754375457764E1,-5.118783950806E1));
#4570=CARTESIAN_POINT('',(-1.8E1,-3.739438629150E1,-5.103136062622E1));
#4571=CARTESIAN_POINT('',(-1.8E1,-3.736593627930E1,-5.100291061401E1));
#4572=CARTESIAN_POINT('',(-1.8E1,-3.734459686279E1,-5.098157119751E1));
#4573=CARTESIAN_POINT('',(-1.8E1,-3.732326126099E1,-5.096023178101E1));
#4574=CARTESIAN_POINT('',(-1.8E1,-3.730192184448E1,-5.093889617920E1));
#4575=CARTESIAN_POINT('',(-1.8E1,-3.726635742188E1,-5.091044616699E1));
#4576=CARTESIAN_POINT('',(-1.8E1,-3.723790740967E1,-5.088910675049E1));
#4577=CARTESIAN_POINT('',(-1.8E1,-3.721656799316E1,-5.087488174438E1));
#4578=CARTESIAN_POINT('',(-1.8E1,-3.720234298706E1,-5.086065673828E1));
#4579=CARTESIAN_POINT('',(-1.8E1,-3.718100738525E1,-5.086065673828E1));
#4580=CARTESIAN_POINT('',(-1.8E1,-3.715966796875E1,-5.085354232788E1));
#4581=CARTESIAN_POINT('',(-1.8E1,-3.713832855225E1,-5.086065673828E1));
#4582=CARTESIAN_POINT('',(-1.8E1,-3.712410354614E1,-5.086776733398E1));
#4583=CARTESIAN_POINT('',(-1.8E1,-3.710987854004E1,-5.087488174438E1));
#4584=CARTESIAN_POINT('',(-1.8E1,-3.710276794434E1,-5.088910675049E1));
#4585=CARTESIAN_POINT('',(-1.8E1,-3.709565353394E1,-5.091044616699E1));
#4586=CARTESIAN_POINT('',(-1.8E1,-3.708854293823E1,-5.093889617920E1));
#4587=CARTESIAN_POINT('',(-1.8E1,-3.708854293823E1,-5.097446060181E1));
#4588=CARTESIAN_POINT('',(-1.8E1,-3.708142852783E1,-5.101713562012E1));
#4589=CARTESIAN_POINT('',(-1.8E1,-3.708142852783E1,-5.253924942017E1));
#4590=CARTESIAN_POINT('',(-1.8E1,-3.708854293823E1,-5.256058883667E1));
#4591=CARTESIAN_POINT('',(-1.8E1,-3.708854293823E1,-5.257481384277E1));
#4592=CARTESIAN_POINT('',(-1.8E1,-3.709565353394E1,-5.259615325928E1));
#4593=CARTESIAN_POINT('',(-1.8E1,-3.710987854004E1,-5.261037826538E1));
#4594=CARTESIAN_POINT('',(-1.8E1,-3.712410354614E1,-5.261748886108E1));
#4595=CARTESIAN_POINT('',(-1.8E1,-3.713832855225E1,-5.263171386719E1));
#4596=CARTESIAN_POINT('',(-1.8E1,-3.715966796875E1,-5.263171386719E1));
#4597=CARTESIAN_POINT('',(-1.8E1,-3.718100738525E1,-5.263171386719E1));
#4598=CARTESIAN_POINT('',(-1.8E1,-3.719523239136E1,-5.263171386719E1));
#4599=CARTESIAN_POINT('',(-1.8E1,-3.721656799316E1,-5.263171386719E1));
#4600=CARTESIAN_POINT('',(-1.8E1,-3.723079681396E1,-5.261748886108E1));
#4601=CARTESIAN_POINT('',(-1.8E1,-3.724502182007E1,-5.261037826538E1));
#4602=CARTESIAN_POINT('',(-1.8E1,-3.725213241577E1,-5.259615325928E1));
#4603=CARTESIAN_POINT('',(-1.8E1,-3.726635742188E1,-5.257481384277E1));
#4604=CARTESIAN_POINT('',(-1.8E1,-3.726635742188E1,-5.256058883667E1));
#4605=CARTESIAN_POINT('',(-1.8E1,-3.726635742188E1,-5.253924942017E1));
#4606=CARTESIAN_POINT('',(-1.8E1,-3.726635742188E1,-5.117361450195E1));
#4608=CARTESIAN_POINT('',(-1.8E1,-3.625635528564E1,-5.155058670044E1));
#4609=CARTESIAN_POINT('',(-1.8E1,-3.615678024292E1,-5.155058670044E1));
#4610=CARTESIAN_POINT('',(-1.8E1,-3.609276580811E1,-5.155769729614E1));
#4611=CARTESIAN_POINT('',(-1.8E1,-3.603586196899E1,-5.156481170654E1));
#4612=CARTESIAN_POINT('',(-1.8E1,-3.597896194458E1,-5.157192611694E1));
#4613=CARTESIAN_POINT('',(-1.8E1,-3.592917251587E1,-5.158615112305E1));
#4614=CARTESIAN_POINT('',(-1.8E1,-3.588649749756E1,-5.160748672485E1));
#4615=CARTESIAN_POINT('',(-1.8E1,-3.584382247925E1,-5.162882614136E1));
#4616=CARTESIAN_POINT('',(-1.8E1,-3.580825805664E1,-5.165016555786E1));
#4617=CARTESIAN_POINT('',(-1.8E1,-3.577980804443E1,-5.168572616577E1));
#4618=CARTESIAN_POINT('',(-1.8E1,-3.575135803223E1,-5.172129058838E1));
#4619=CARTESIAN_POINT('',(-1.8E1,-3.573001861572E1,-5.175685501099E1));
#4620=CARTESIAN_POINT('',(-1.8E1,-3.570867919922E1,-5.180664443970E1));
#4621=CARTESIAN_POINT('',(-1.8E1,-3.569445419312E1,-5.185643386841E1));
#4622=CARTESIAN_POINT('',(-1.8E1,-3.568022918701E1,-5.190621948242E1));
#4623=CARTESIAN_POINT('',(-1.8E1,-3.567311477661E1,-5.197023391724E1));
#4624=CARTESIAN_POINT('',(-1.8E1,-3.566600418091E1,-5.203424835205E1));
#4625=CARTESIAN_POINT('',(-1.8E1,-3.565888977051E1,-5.210537719727E1));
#4626=CARTESIAN_POINT('',(-1.8E1,-3.566600418091E1,-5.218361663818E1));
#4627=CARTESIAN_POINT('',(-1.8E1,-3.567311477661E1,-5.225474166870E1));
#4628=CARTESIAN_POINT('',(-1.8E1,-3.568734359741E1,-5.231875610352E1));
#4629=CARTESIAN_POINT('',(-1.8E1,-3.570156860352E1,-5.237565994263E1));
#4630=CARTESIAN_POINT('',(-1.8E1,-3.573001861572E1,-5.242544555664E1));
#4631=CARTESIAN_POINT('',(-1.8E1,-3.575846862793E1,-5.246812438965E1));
#4632=CARTESIAN_POINT('',(-1.8E1,-3.579403305054E1,-5.251079940796E1));
#4633=CARTESIAN_POINT('',(-1.8E1,-3.583670806885E1,-5.255347442627E1));
#4634=CARTESIAN_POINT('',(-1.8E1,-3.590072250366E1,-5.258903884888E1));
#4635=CARTESIAN_POINT('',(-1.8E1,-3.596473693848E1,-5.261748886108E1));
#4636=CARTESIAN_POINT('',(-1.8E1,-3.603586196899E1,-5.263171386719E1));
#4637=CARTESIAN_POINT('',(-1.8E1,-3.612121582031E1,-5.263171386719E1));
#4638=CARTESIAN_POINT('',(-1.8E1,-3.635593414307E1,-5.263171386719E1));
#4639=CARTESIAN_POINT('',(-1.8E1,-3.637727355957E1,-5.263171386719E1));
#4640=CARTESIAN_POINT('',(-1.8E1,-3.639149856567E1,-5.263171386719E1));
#4641=CARTESIAN_POINT('',(-1.8E1,-3.641283798218E1,-5.261748886108E1));
#4642=CARTESIAN_POINT('',(-1.8E1,-3.642706298828E1,-5.261037826538E1));
#4643=CARTESIAN_POINT('',(-1.8E1,-3.643417358398E1,-5.259615325928E1));
#4644=CARTESIAN_POINT('',(-1.8E1,-3.644839859009E1,-5.258192443848E1));
#4645=CARTESIAN_POINT('',(-1.8E1,-3.644839859009E1,-5.256058883667E1));
#4646=CARTESIAN_POINT('',(-1.8E1,-3.644839859009E1,-5.254636383057E1));
#4647=CARTESIAN_POINT('',(-1.8E1,-3.644839859009E1,-5.252502441406E1));
#4648=CARTESIAN_POINT('',(-1.8E1,-3.644839859009E1,-5.250368499756E1));
#4649=CARTESIAN_POINT('',(-1.8E1,-3.643417358398E1,-5.248945999146E1));
#4650=CARTESIAN_POINT('',(-1.8E1,-3.642706298828E1,-5.247523498535E1));
#4651=CARTESIAN_POINT('',(-1.8E1,-3.641283798218E1,-5.246100997925E1));
#4652=CARTESIAN_POINT('',(-1.8E1,-3.639149856567E1,-5.245389938354E1));
#4653=CARTESIAN_POINT('',(-1.8E1,-3.637727355957E1,-5.245389938354E1));
#4654=CARTESIAN_POINT('',(-1.8E1,-3.635593414307E1,-5.244678497314E1));
#4655=CARTESIAN_POINT('',(-1.8E1,-3.614255523682E1,-5.244678497314E1));
#4656=CARTESIAN_POINT('',(-1.8E1,-3.610699081421E1,-5.244678497314E1));
#4657=CARTESIAN_POINT('',(-1.8E1,-3.607142639160E1,-5.244678497314E1));
#4658=CARTESIAN_POINT('',(-1.8E1,-3.604297637939E1,-5.243967056274E1));
#4659=CARTESIAN_POINT('',(-1.8E1,-3.601452636719E1,-5.242544555664E1));
#4660=CARTESIAN_POINT('',(-1.8E1,-3.598607635498E1,-5.241833496094E1));
#4661=CARTESIAN_POINT('',(-1.8E1,-3.596473693848E1,-5.240410995483E1));
#4662=CARTESIAN_POINT('',(-1.8E1,-3.594339752197E1,-5.238277053833E1));
#4663=CARTESIAN_POINT('',(-1.8E1,-3.592206192017E1,-5.236143112183E1));
#4664=CARTESIAN_POINT('',(-1.8E1,-3.590072250366E1,-5.234009552002E1));
#4665=CARTESIAN_POINT('',(-1.8E1,-3.588649749756E1,-5.231875610352E1));
#4666=CARTESIAN_POINT('',(-1.8E1,-3.587938308716E1,-5.229030609131E1));
#4667=CARTESIAN_POINT('',(-1.8E1,-3.586515808105E1,-5.225474166870E1));
#4668=CARTESIAN_POINT('',(-1.8E1,-3.585804748535E1,-5.222629165649E1));
#4669=CARTESIAN_POINT('',(-1.8E1,-3.585093307495E1,-5.218361663818E1));
#4670=CARTESIAN_POINT('',(-1.8E1,-3.585093307495E1,-5.214805221558E1));
#4671=CARTESIAN_POINT('',(-1.8E1,-3.584382247925E1,-5.210537719727E1));
#4672=CARTESIAN_POINT('',(-1.8E1,-3.585093307495E1,-5.206269836426E1));
#4673=CARTESIAN_POINT('',(-1.8E1,-3.585093307495E1,-5.201291275024E1));
#4674=CARTESIAN_POINT('',(-1.8E1,-3.585804748535E1,-5.197734832764E1));
#4675=CARTESIAN_POINT('',(-1.8E1,-3.586515808105E1,-5.194178390503E1));
#4676=CARTESIAN_POINT('',(-1.8E1,-3.587227249146E1,-5.190621948242E1));
#4677=CARTESIAN_POINT('',(-1.8E1,-3.588649749756E1,-5.187776947021E1));
#4678=CARTESIAN_POINT('',(-1.8E1,-3.590072250366E1,-5.184931945801E1));
#4679=CARTESIAN_POINT('',(-1.8E1,-3.591494750977E1,-5.182798004150E1));
#4680=CARTESIAN_POINT('',(-1.8E1,-3.593628692627E1,-5.180664443970E1));
#4681=CARTESIAN_POINT('',(-1.8E1,-3.595762252808E1,-5.178530502319E1));
#4682=CARTESIAN_POINT('',(-1.8E1,-3.597896194458E1,-5.177108001709E1));
#4683=CARTESIAN_POINT('',(-1.8E1,-3.600741195679E1,-5.176396560669E1));
#4684=CARTESIAN_POINT('',(-1.8E1,-3.603586196899E1,-5.174974060059E1));
#4685=CARTESIAN_POINT('',(-1.8E1,-3.606431579590E1,-5.174263000488E1));
#4686=CARTESIAN_POINT('',(-1.8E1,-3.609987640381E1,-5.174263000488E1));
#4687=CARTESIAN_POINT('',(-1.8E1,-3.613544082642E1,-5.173551559448E1));
#4688=CARTESIAN_POINT('',(-1.8E1,-3.633459472656E1,-5.173551559448E1));
#4689=CARTESIAN_POINT('',(-1.8E1,-3.635593414307E1,-5.173551559448E1));
#4690=CARTESIAN_POINT('',(-1.8E1,-3.637727355957E1,-5.172840499878E1));
#4691=CARTESIAN_POINT('',(-1.8E1,-3.639860916138E1,-5.172129058838E1));
#4692=CARTESIAN_POINT('',(-1.8E1,-3.641283798218E1,-5.170706558228E1));
#4693=CARTESIAN_POINT('',(-1.8E1,-3.642706298828E1,-5.169284057617E1));
#4694=CARTESIAN_POINT('',(-1.8E1,-3.643417358398E1,-5.167150115967E1));
#4695=CARTESIAN_POINT('',(-1.8E1,-3.644128799438E1,-5.165016555786E1));
#4696=CARTESIAN_POINT('',(-1.8E1,-3.644128799438E1,-5.162171173096E1));
#4697=CARTESIAN_POINT('',(-1.8E1,-3.644128799438E1,-5.097446060181E1));
#4698=CARTESIAN_POINT('',(-1.8E1,-3.644128799438E1,-5.094600677490E1));
#4699=CARTESIAN_POINT('',(-1.8E1,-3.643417358398E1,-5.092467117310E1));
#4700=CARTESIAN_POINT('',(-1.8E1,-3.642706298828E1,-5.090333175659E1));
#4701=CARTESIAN_POINT('',(-1.8E1,-3.641283798218E1,-5.088910675049E1));
#4702=CARTESIAN_POINT('',(-1.8E1,-3.639860916138E1,-5.087488174438E1));
#4703=CARTESIAN_POINT('',(-1.8E1,-3.637727355957E1,-5.086065673828E1));
#4704=CARTESIAN_POINT('',(-1.8E1,-3.635593414307E1,-5.086065673828E1));
#4705=CARTESIAN_POINT('',(-1.8E1,-3.632748413086E1,-5.085354232788E1));
#4706=CARTESIAN_POINT('',(-1.8E1,-3.573712921143E1,-5.085354232788E1));
#4707=CARTESIAN_POINT('',(-1.8E1,-3.571579360962E1,-5.086065673828E1));
#4708=CARTESIAN_POINT('',(-1.8E1,-3.569445419312E1,-5.086065673828E1));
#4709=CARTESIAN_POINT('',(-1.8E1,-3.568022918701E1,-5.086776733398E1));
#4710=CARTESIAN_POINT('',(-1.8E1,-3.566600418091E1,-5.088199234009E1));
#4711=CARTESIAN_POINT('',(-1.8E1,-3.565177917480E1,-5.089621734619E1));
#4712=CARTESIAN_POINT('',(-1.8E1,-3.564466476440E1,-5.091044616699E1));
#4713=CARTESIAN_POINT('',(-1.8E1,-3.563755416870E1,-5.093178176880E1));
#4714=CARTESIAN_POINT('',(-1.8E1,-3.563755416870E1,-5.095312118530E1));
#4715=CARTESIAN_POINT('',(-1.8E1,-3.563755416870E1,-5.096734619141E1));
#4716=CARTESIAN_POINT('',(-1.8E1,-3.564466476440E1,-5.098868560791E1));
#4717=CARTESIAN_POINT('',(-1.8E1,-3.565177917480E1,-5.100291061401E1));
#4718=CARTESIAN_POINT('',(-1.8E1,-3.566600418091E1,-5.101713562012E1));
#4719=CARTESIAN_POINT('',(-1.8E1,-3.568022918701E1,-5.102424621582E1));
#4720=CARTESIAN_POINT('',(-1.8E1,-3.569445419312E1,-5.103847122192E1));
#4721=CARTESIAN_POINT('',(-1.8E1,-3.571579360962E1,-5.103847122192E1));
#4722=CARTESIAN_POINT('',(-1.8E1,-3.573712921143E1,-5.103847122192E1));
#4723=CARTESIAN_POINT('',(-1.8E1,-3.625635528564E1,-5.103847122192E1));
#4724=CARTESIAN_POINT('',(-1.8E1,-3.625635528564E1,-5.155058670044E1));
#4726=CARTESIAN_POINT('',(-1.8E1,-1.8E1,-5.307625961304E1));
#4727=CARTESIAN_POINT('',(-1.8E1,-1.906690216064E1,-5.325407409668E1));
#4728=CARTESIAN_POINT('',(-1.8E1,-1.906690216064E1,-5.289844131470E1));
#4729=CARTESIAN_POINT('',(-1.8E1,-1.8E1,-5.307625961304E1));
#4731=CARTESIAN_POINT('',(-1.8E1,-3.3E1,-5.307625961304E1));
#4732=CARTESIAN_POINT('',(-1.8E1,-3.193309783936E1,-5.289844131470E1));
#4733=CARTESIAN_POINT('',(-1.8E1,-3.193309783936E1,-5.325407409668E1));
#4734=CARTESIAN_POINT('',(-1.8E1,-3.3E1,-5.307625961304E1));
#4736=CARTESIAN_POINT('',(-1.8E1,-1.8E1,-1.1E1));
#4737=CARTESIAN_POINT('',(-1.8E1,-1.8E1,-5.414316177368E1));
#4739=CARTESIAN_POINT('',(-1.8E1,-3.3E1,-6.5E0));
#4740=CARTESIAN_POINT('',(-1.8E1,-3.3E1,-5.414316177368E1));
#4742=CARTESIAN_POINT('',(-1.8E1,-1.8E1,-5.307625961304E1));
#4743=CARTESIAN_POINT('',(-1.8E1,-2.55E1,-5.307625961304E1));
#4745=CARTESIAN_POINT('',(-1.8E1,-3.3E1,-5.307625961304E1));
#4746=CARTESIAN_POINT('',(-1.8E1,-2.55E1,-5.307625961304E1));
#4748=CARTESIAN_POINT('',(-1.8E1,-2.55E1,-5.307625961304E1));
#4749=CARTESIAN_POINT('',(-1.8E1,-3.786382293701E1,-5.307625961304E1));
#4752=CURVE_STYLE('',#3330,POSITIVE_LENGTH_MEASURE(2.E-2),#5);
#4753=PRESENTATION_STYLE_ASSIGNMENT((#4752));
#4754=ANNOTATION_CURVE_OCCURRENCE('ad97',(#4753),#4751);
#4768=DRAUGHTING_MODEL('Default',(#4502,#4512,#4754,#4773,#4775,#4777,#4788,
#4789),#4235);
#4769=MECHANICAL_DESIGN_AND_DRAUGHTING_RELATIONSHIP('','',#4768,#4349);
#4770=CARTESIAN_POINT('',(0.E0,0.E0,0.E0));
#4771=DIRECTION('',(0.E0,0.E0,1.E0));
#4772=DIRECTION('',(1.E0,0.E0,0.E0));
#4773=AXIS2_PLACEMENT_3D('',#4770,#4771,#4772);
#4774=REPRESENTATION_MAP(#4773,#4243);
#4775=MAPPED_ITEM('',#4774,#4773);
#4776=PRESENTATION_STYLE_ASSIGNMENT((.NULL.));
#4777=STYLED_ITEM('',(#4776),#4775);
#4778=CARTESIAN_POINT('',(0.E0,0.E0,0.E0));
#4779=CARTESIAN_POINT('',(-6.073130433354E1,-7.322057105344E1,
2.230904444843E2));
#4780=DIRECTION('',(0.E0,0.E0,1.E0));
#4781=DIRECTION('',(1.E0,0.E0,0.E0));
#4782=AXIS2_PLACEMENT_3D('',#4779,#4780,#4781);
#4784=VIEW_VOLUME(.PARALLEL.,#4778,2.230904444843E2,2.230904444843E2,.T.,0.E0,
.F.,.T.,#4783);
#4785=CARTESIAN_POINT('',(3.093827553944E1,1.339688937754E2,1.997850053905E2));
#4786=DIRECTION('',(3.894183423087E-1,7.214918620107E-1,5.725406952575E-1));
#4787=DIRECTION('',(9.210609940029E-1,-3.050418666329E-1,-2.420663234065E-1));
#4788=AXIS2_PLACEMENT_3D('',#4785,#4786,#4787);
#4789=CAMERA_MODEL_D3('DEFAULT',#4788,#4784);
#4791=GENERAL_PROPERTY('','CAD_APPROVED_BY','user defined attribute');
#4792=GENERAL_PROPERTY_ASSOCIATION('user defined attribute','',#4791,#4790);
#4793=DESCRIPTIVE_REPRESENTATION_ITEM('CAD_APPROVED_BY','-');
#4797=GENERAL_PROPERTY('','CAD_APPROVED_ON','user defined attribute');
#4798=GENERAL_PROPERTY_ASSOCIATION('user defined attribute','',#4797,#4796);
#4799=DESCRIPTIVE_REPRESENTATION_ITEM('CAD_APPROVED_ON','jjjj-mm-dd');
#4803=GENERAL_PROPERTY('','CAD_CHANGE_NO','user defined attribute');
#4804=GENERAL_PROPERTY_ASSOCIATION('user defined attribute','',#4803,#4802);
#4805=DESCRIPTIVE_REPRESENTATION_ITEM('CAD_CHANGE_NO','-');
#4809=GENERAL_PROPERTY('','CAD_CHANGE_TEXT','user defined attribute');
#4810=GENERAL_PROPERTY_ASSOCIATION('user defined attribute','',#4809,#4808);
#4811=DESCRIPTIVE_REPRESENTATION_ITEM('CAD_CHANGE_TEXT','-');
#4815=GENERAL_PROPERTY('','CAD_CREATED_BY','user defined attribute');
#4816=GENERAL_PROPERTY_ASSOCIATION('user defined attribute','',#4815,#4814);
#4817=DESCRIPTIVE_REPRESENTATION_ITEM('CAD_CREATED_BY','-');
#4821=GENERAL_PROPERTY('','CAD_CREATED_ON','user defined attribute');
#4822=GENERAL_PROPERTY_ASSOCIATION('user defined attribute','',#4821,#4820);
#4823=DESCRIPTIVE_REPRESENTATION_ITEM('CAD_CREATED_ON','jjjj-mm-dd');
#4827=GENERAL_PROPERTY('','CAD_LIFECYCLE_STATE','user defined attribute');
#4828=GENERAL_PROPERTY_ASSOCIATION('user defined attribute','',#4827,#4826);
#4829=DESCRIPTIVE_REPRESENTATION_ITEM('CAD_LIFECYCLE_STATE','-');
#4833=GENERAL_PROPERTY('','CAD_MODIFIED_BY','user defined attribute');
#4834=GENERAL_PROPERTY_ASSOCIATION('user defined attribute','',#4833,#4832);
#4835=DESCRIPTIVE_REPRESENTATION_ITEM('CAD_MODIFIED_BY','-');
#4839=GENERAL_PROPERTY('','CAD_MODIFIED_ON','user defined attribute');
#4840=GENERAL_PROPERTY_ASSOCIATION('user defined attribute','',#4839,#4838);
#4841=DESCRIPTIVE_REPRESENTATION_ITEM('CAD_MODIFIED_ON','jjjj-mm-dd');
#4845=GENERAL_PROPERTY('','CAD_REVISION','user defined attribute');
#4846=GENERAL_PROPERTY_ASSOCIATION('user defined attribute','',#4845,#4844);
#4847=DESCRIPTIVE_REPRESENTATION_ITEM('CAD_REVISION','-');
#4851=GENERAL_PROPERTY('','DEPARTMENT','user defined attribute');
#4852=GENERAL_PROPERTY_ASSOCIATION('user defined attribute','',#4851,#4850);
#4853=DESCRIPTIVE_REPRESENTATION_ITEM('DEPARTMENT','DEV');
#4857=GENERAL_PROPERTY('','DESCRIPTION_1_DE','user defined attribute');
#4858=GENERAL_PROPERTY_ASSOCIATION('user defined attribute','',#4857,#4856);
#4859=DESCRIPTIVE_REPRESENTATION_ITEM('DESCRIPTION_1_DE','-');
#4863=GENERAL_PROPERTY('','DESCRIPTION_1_EN','user defined attribute');
#4864=GENERAL_PROPERTY_ASSOCIATION('user defined attribute','',#4863,#4862);
#4865=DESCRIPTIVE_REPRESENTATION_ITEM('DESCRIPTION_1_EN','-');
#4869=GENERAL_PROPERTY('','DESCRIPTION_2_DE','user defined attribute');
#4870=GENERAL_PROPERTY_ASSOCIATION('user defined attribute','',#4869,#4868);
#4871=DESCRIPTIVE_REPRESENTATION_ITEM('DESCRIPTION_2_DE','-');
#4875=GENERAL_PROPERTY('','DESCRIPTION_2_EN','user defined attribute');
#4876=GENERAL_PROPERTY_ASSOCIATION('user defined attribute','',#4875,#4874);
#4877=DESCRIPTIVE_REPRESENTATION_ITEM('DESCRIPTION_2_EN','-');
#4881=GENERAL_PROPERTY('','DRAWING_NO','user defined attribute');
#4882=GENERAL_PROPERTY_ASSOCIATION('user defined attribute','',#4881,#4880);
#4883=DESCRIPTIVE_REPRESENTATION_ITEM('DRAWING_NO','-');
#4887=GENERAL_PROPERTY('','MC_CHECKTYPE','user defined attribute');
#4888=GENERAL_PROPERTY_ASSOCIATION('user defined attribute','',#4887,#4886);
#4889=DESCRIPTIVE_REPRESENTATION_ITEM('MC_CHECKTYPE','SUT_INT_DE');
#4893=GENERAL_PROPERTY('','COATING','user defined attribute');
#4894=GENERAL_PROPERTY_ASSOCIATION('user defined attribute','',#4893,#4892);
#4895=DESCRIPTIVE_REPRESENTATION_ITEM('COATING','-');
#4899=GENERAL_PROPERTY('','COLORING','user defined attribute');
#4900=GENERAL_PROPERTY_ASSOCIATION('user defined attribute','',#4899,#4898);
#4901=DESCRIPTIVE_REPRESENTATION_ITEM('COLORING','-');
#4905=GENERAL_PROPERTY('','DESC_SEMIFINISHED','user defined attribute');
#4906=GENERAL_PROPERTY_ASSOCIATION('user defined attribute','',#4905,#4904);
#4907=DESCRIPTIVE_REPRESENTATION_ITEM('DESC_SEMIFINISHED','-');
#4911=GENERAL_PROPERTY('','DIMENSION','user defined attribute');
#4912=GENERAL_PROPERTY_ASSOCIATION('user defined attribute','',#4911,#4910);
#4913=DESCRIPTIVE_REPRESENTATION_ITEM('DIMENSION','-');
#4917=GENERAL_PROPERTY('','HARDNESS','user defined attribute');
#4918=GENERAL_PROPERTY_ASSOCIATION('user defined attribute','',#4917,#4916);
#4919=DESCRIPTIVE_REPRESENTATION_ITEM('HARDNESS','-');
#4923=GENERAL_PROPERTY('','MASS','user defined attribute');
#4924=GENERAL_PROPERTY_ASSOCIATION('user defined attribute','',#4923,#4922);
#4925=REAL_REPRESENTATION_ITEM('MASS',3.9E-1);
#4929=GENERAL_PROPERTY('','MATERIAL','user defined attribute');
#4930=GENERAL_PROPERTY_ASSOCIATION('user defined attribute','',#4929,#4928);
#4931=DESCRIPTIVE_REPRESENTATION_ITEM('MATERIAL','Stahl allg.');
#4935=GENERAL_PROPERTY('','PART_NO','user defined attribute');
#4936=GENERAL_PROPERTY_ASSOCIATION('user defined attribute','',#4935,#4934);
#4937=DESCRIPTIVE_REPRESENTATION_ITEM('PART_NO','-');
#4941=GENERAL_PROPERTY('','PART_NO_SEMIFINISHED','user defined attribute');
#4942=GENERAL_PROPERTY_ASSOCIATION('user defined attribute','',#4941,#4940);
#4943=DESCRIPTIVE_REPRESENTATION_ITEM('PART_NO_SEMIFINISHED','-');
#4947=GENERAL_PROPERTY('','STANDARD','user defined attribute');
#4948=GENERAL_PROPERTY_ASSOCIATION('user defined attribute','',#4947,#4946);
#4949=DESCRIPTIVE_REPRESENTATION_ITEM('STANDARD','-');
#4953=GENERAL_PROPERTY('','STANDARD_DIMENSION','user defined attribute');
#4954=GENERAL_PROPERTY_ASSOCIATION('user defined attribute','',#4953,#4952);
#4955=DESCRIPTIVE_REPRESENTATION_ITEM('STANDARD_DIMENSION','DIN EN ISO 14405');
#4959=GENERAL_PROPERTY('','STANDARD_EDGE','user defined attribute');
#4960=GENERAL_PROPERTY_ASSOCIATION('user defined attribute','',#4959,#4958);
#4961=DESCRIPTIVE_REPRESENTATION_ITEM('STANDARD_EDGE','ISO 13715');
#4965=GENERAL_PROPERTY('','STANDARD_INFO_DE','user defined attribute');
#4966=GENERAL_PROPERTY_ASSOCIATION('user defined attribute','',#4965,#4964);
#4967=DESCRIPTIVE_REPRESENTATION_ITEM('STANDARD_INFO_DE','-');
#4971=GENERAL_PROPERTY('','STANDARD_INFO_EN','user defined attribute');
#4972=GENERAL_PROPERTY_ASSOCIATION('user defined attribute','',#4971,#4970);
#4973=DESCRIPTIVE_REPRESENTATION_ITEM('STANDARD_INFO_EN','-');
#4977=GENERAL_PROPERTY('','STANDARD_SURFACE','user defined attribute');
#4978=GENERAL_PROPERTY_ASSOCIATION('user defined attribute','',#4977,#4976);
#4979=DESCRIPTIVE_REPRESENTATION_ITEM('STANDARD_SURFACE','ISO 1302');
#4983=GENERAL_PROPERTY('','STANDARD_TOL_CLASS','user defined attribute');
#4984=GENERAL_PROPERTY_ASSOCIATION('user defined attribute','',#4983,#4982);
#4985=DESCRIPTIVE_REPRESENTATION_ITEM('STANDARD_TOL_CLASS','ISO 2768-mK');
#4989=GENERAL_PROPERTY('','SUPPLIER','user defined attribute');
#4990=GENERAL_PROPERTY_ASSOCIATION('user defined attribute','',#4989,#4988);
#4991=DESCRIPTIVE_REPRESENTATION_ITEM('SUPPLIER','-');
#4995=GENERAL_PROPERTY('','CLASSIFICATION','user defined attribute');
#4996=GENERAL_PROPERTY_ASSOCIATION('user defined attribute','',#4995,#4994);
#4997=DESCRIPTIVE_REPRESENTATION_ITEM('CLASSIFICATION','FERTIGUNG');
#5001=GENERAL_PROPERTY('','CATEGORY','user defined attribute');
#5002=GENERAL_PROPERTY_ASSOCIATION('user defined attribute','',#5001,#5000);
#5003=INTEGER_REPRESENTATION_ITEM('CATEGORY',1);
#5007=GENERAL_PROPERTY('','PROJECT','user defined attribute');
#5008=GENERAL_PROPERTY_ASSOCIATION('user defined attribute','',#5007,#5006);
#5009=DESCRIPTIVE_REPRESENTATION_ITEM('PROJECT','-');
#5013=GENERAL_PROPERTY('','PROJECT_NO','user defined attribute');
#5014=GENERAL_PROPERTY_ASSOCIATION('user defined attribute','',#5013,#5012);
#5015=DESCRIPTIVE_REPRESENTATION_ITEM('PROJECT_NO','-');
#5019=GENERAL_PROPERTY('','ORDER_CODE','user defined attribute');
#5020=GENERAL_PROPERTY_ASSOCIATION('user defined attribute','',#5019,#5018);
#5021=DESCRIPTIVE_REPRESENTATION_ITEM('ORDER_CODE','-');
#5025=GENERAL_PROPERTY('','STANDARD_WELDING','user defined attribute');
#5026=GENERAL_PROPERTY_ASSOCIATION('user defined attribute','',#5025,#5024);
#5027=DESCRIPTIVE_REPRESENTATION_ITEM('STANDARD_WELDING','ISO 9692');
#5031=GENERAL_PROPERTY('','CUSTOMER','user defined attribute');
#5032=GENERAL_PROPERTY_ASSOCIATION('user defined attribute','',#5031,#5030);
#5033=DESCRIPTIVE_REPRESENTATION_ITEM('CUSTOMER','-');
#5037=GENERAL_PROPERTY('','HEAT_TREATMENT','user defined attribute');
#5038=GENERAL_PROPERTY_ASSOCIATION('user defined attribute','',#5037,#5036);
#5039=DESCRIPTIVE_REPRESENTATION_ITEM('HEAT_TREATMENT','-');
#5043=GENERAL_PROPERTY('','PTC_COMMON_NAME','user defined attribute');
#5044=GENERAL_PROPERTY_ASSOCIATION('user defined attribute','',#5043,#5042);
#5045=DESCRIPTIVE_REPRESENTATION_ITEM('PTC_COMMON_NAME','prt0001.prt');
#5049=GENERAL_PROPERTY('','PTC_MASTER_MATERIAL','user defined attribute');
#5050=GENERAL_PROPERTY_ASSOCIATION('user defined attribute','',#5049,#5048);
#5051=DESCRIPTIVE_REPRESENTATION_ITEM('PTC_MASTER_MATERIAL','STAHL_ALLGEMEIN');
#1=COLOUR_RGB('',0.E0,7.450980392157E-1,9.215686274510E-1);
#2=DRAUGHTING_PRE_DEFINED_COLOUR('green');
#3=COLOUR_RGB('',1.1E-2,1.2E-2,1.E0);
#4=COLOUR_RGB('',9.803921568627E-2,9.803921568627E-2,9.803921568627E-2);
#5=COLOUR_RGB('',2.156862745098E-1,0.E0,3.725490196078E-1);
#6=COLOUR_RGB('',4.1E-1,2.61589E-1,1.12848E-1);
#7=COLOUR_RGB('',4.705882352941E-1,3.137254901961E-1,3.333333333333E-1);
#8=COLOUR_RGB('',5.04854E-1,1.5455E-2,1.5455E-2);
#9=COLOUR_RGB('',6.35294E-1,6.86275E-1,7.4902E-1);
#10=COLOUR_RGB('',6.40777E-1,6.40777E-1,6.40777E-1);
#11=COLOUR_RGB('',6.666666666667E-1,5.882352941176E-2,3.333333333333E-1);
#12=COLOUR_RGB('',6.69062E-1,6.69903E-1,6.55217E-1);
#13=COLOUR_RGB('',6.862745098039E-1,6.862745098039E-1,7.058823529412E-1);
#14=COLOUR_RGB('',7.490196078431E-1,7.490196078431E-1,7.490196078431E-1);
#15=COLOUR_RGB('',9.21569E-1,7.05882E-1,4.70588E-1);
#16=DRAUGHTING_PRE_DEFINED_COLOUR('red');
#17=DRAUGHTING_PRE_DEFINED_COLOUR('yellow');
#18=COLOUR_RGB('',1.E0,1.E0,5.3E-1);
#19=COLOUR_RGB('',1.E0,1.E0,9.49E-1);
#20=DRAUGHTING_PRE_DEFINED_COLOUR('white');
#25=CIRCLE('58',#24,3.8E1);
#30=CIRCLE('59',#29,3.8E1);
#35=CIRCLE('1733',#34,1.6E0);
#40=CIRCLE('1734',#39,1.6E0);
#45=CIRCLE('1735',#44,1.6E0);
#50=CIRCLE('1736',#49,1.6E0);
#55=CIRCLE('1737',#54,1.6E0);
#60=CIRCLE('1738',#59,1.6E0);
#65=CIRCLE('1739',#64,1.6E0);
#70=CIRCLE('1740',#69,1.6E0);
#75=CIRCLE('1862',#74,3.8E1);
#84=CIRCLE('1868',#83,1.E0);
#89=CIRCLE('1741',#88,1.6E0);
#94=CIRCLE('1742',#93,1.6E0);
#99=CIRCLE('1743',#98,1.6E0);
#104=CIRCLE('1744',#103,1.6E0);
#109=CIRCLE('1745',#108,1.6E0);
#114=CIRCLE('1746',#113,1.6E0);
#119=CIRCLE('1747',#118,1.6E0);
#124=CIRCLE('1748',#123,1.6E0);
#129=CIRCLE('1812',#128,2.E0);
#138=CIRCLE('1816',#137,2.E0);
#147=CIRCLE('1820',#146,2.E0);
#156=CIRCLE('1824',#155,2.E0);
#165=CIRCLE('1861',#164,3.7E1);
#170=CIRCLE('1863',#169,3.7E1);
#207=CIRCLE('1837',#206,1.E0);
#212=CIRCLE('1836',#211,1.E0);
#217=CIRCLE('1838',#216,1.E0);
#222=CIRCLE('1839',#221,1.E0);
#227=CIRCLE('1840',#226,1.E0);
#232=CIRCLE('1841',#231,1.E0);
#237=CIRCLE('1842',#236,1.E0);
#242=CIRCLE('1843',#241,1.E0);
#247=CIRCLE('238',#246,1.6E0);
#252=CIRCLE('239',#251,1.6E0);
#257=CIRCLE('678',#256,2.7E0);
#262=CIRCLE('679',#261,2.7E0);
#267=CIRCLE('680',#266,2.7E0);
#272=CIRCLE('681',#271,2.7E0);
#277=CIRCLE('682',#276,2.7E0);
#282=CIRCLE('683',#281,2.7E0);
#287=CIRCLE('684',#286,2.7E0);
#292=CIRCLE('685',#291,2.7E0);
#305=CIRCLE('1646',#304,1.1E1);
#318=CIRCLE('451',#317,1.6E0);
#323=CIRCLE('452',#322,1.6E0);
#345=B_SPLINE_CURVE_WITH_KNOTS('2065',3,(#336,#337,#338,#339,#340,#341,#342,
#343,#344),.UNSPECIFIED.,.F.,.F.,(4,1,1,1,1,1,4),(0.E0,1.666666666667E-1,
3.333333333333E-1,5.E-1,6.666666666667E-1,8.333333333333E-1,1.E0),
.UNSPECIFIED.);
#356=B_SPLINE_CURVE_WITH_KNOTS('495',3,(#346,#347,#348,#349,#350,#351,#352,#353,
#354,#355),.UNSPECIFIED.,.F.,.F.,(4,1,1,1,1,1,1,4),(0.E0,1.428571428571E-1,
2.857142857143E-1,4.285714285714E-1,5.714285714286E-1,7.142857142857E-1,
8.571428571429E-1,1.E0),.UNSPECIFIED.);
#365=CIRCLE('2118',#364,1.E0);
#370=CIRCLE('2066',#369,1.2E1);
#379=CIRCLE('335',#378,1.2E1);
#388=CIRCLE('2096',#387,1.2E1);
#393=CIRCLE('1645',#392,1.2E1);
#403=B_SPLINE_CURVE_WITH_KNOTS('2094',3,(#394,#395,#396,#397,#398,#399,#400,
#401,#402),.UNSPECIFIED.,.F.,.F.,(4,1,1,1,1,1,4),(0.E0,1.666666666667E-1,
3.333333333333E-1,5.E-1,6.666666666667E-1,8.333333333333E-1,1.E0),
.UNSPECIFIED.);
#418=B_SPLINE_CURVE_WITH_KNOTS('498',3,(#408,#409,#410,#411,#412,#413,#414,#415,
#416,#417),.UNSPECIFIED.,.F.,.F.,(4,1,1,1,1,1,1,4),(0.E0,1.428571428571E-1,
2.857142857143E-1,4.285714285714E-1,5.714285714286E-1,7.142857142857E-1,
8.571428571429E-1,1.E0),.UNSPECIFIED.);
#423=CIRCLE('586',#422,1.5E0);
#428=CIRCLE('587',#427,1.5E0);
#433=CIRCLE('588',#432,1.5E0);
#438=CIRCLE('589',#437,1.5E0);
#443=CIRCLE('590',#442,1.5E0);
#448=CIRCLE('591',#447,1.5E0);
#453=CIRCLE('592',#452,1.5E0);
#458=CIRCLE('593',#457,1.5E0);
#463=CIRCLE('2067',#462,1.099999999860E1);
#480=CIRCLE('2095',#479,1.099999999894E1);
#493=CIRCLE('686',#492,1.5E0);
#502=CIRCLE('646',#501,2.7E0);
#507=CIRCLE('647',#506,2.7E0);
#512=CIRCLE('648',#511,2.7E0);
#517=CIRCLE('649',#516,2.7E0);
#522=CIRCLE('650',#521,2.7E0);
#527=CIRCLE('651',#526,2.7E0);
#532=CIRCLE('652',#531,2.7E0);
#537=CIRCLE('653',#536,2.7E0);
#574=CIRCLE('687',#573,1.5E0);
#583=CIRCLE('688',#582,1.5E0);
#592=CIRCLE('689',#591,1.5E0);
#601=CIRCLE('690',#600,1.5E0);
#610=CIRCLE('691',#609,1.5E0);
#619=CIRCLE('692',#618,1.5E0);
#628=CIRCLE('693',#627,1.5E0);
#637=CIRCLE('2117',#636,1.E0);
#670=CIRCLE('2075',#669,4.E0);
#679=CIRCLE('2071',#678,4.E0);
#684=CIRCLE('1813',#683,1.E0);
#689=CIRCLE('1659',#688,1.E0);
#694=CIRCLE('1817',#693,1.E0);
#699=CIRCLE('1658',#698,1.E0);
#732=CIRCLE('2091',#731,4.E0);
#741=CIRCLE('2087',#740,4.E0);
#746=CIRCLE('2120',#745,1.E0);
#751=CIRCLE('1181',#750,1.5E0);
#756=CIRCLE('1182',#755,1.5E0);
#761=CIRCLE('1183',#760,1.5E0);
#766=CIRCLE('1184',#765,1.5E0);
#771=CIRCLE('1185',#770,1.5E0);
#776=CIRCLE('1186',#775,1.5E0);
#781=CIRCLE('1187',#780,1.5E0);
#786=CIRCLE('1188',#785,1.5E0);
#795=CIRCLE('2079',#794,1.099999999860E1);
#808=CIRCLE('2083',#807,1.099999999894E1);
#821=CIRCLE('1200',#820,1.5E0);
#830=CIRCLE('1043',#829,2.7E0);
#835=CIRCLE('1044',#834,2.7E0);
#840=CIRCLE('1045',#839,2.7E0);
#845=CIRCLE('1046',#844,2.7E0);
#850=CIRCLE('1047',#849,2.7E0);
#855=CIRCLE('1048',#854,2.7E0);
#860=CIRCLE('1049',#859,2.7E0);
#865=CIRCLE('1050',#864,2.7E0);
#878=CIRCLE('1192',#877,2.7E0);
#883=CIRCLE('1193',#882,2.7E0);
#888=CIRCLE('1194',#887,2.7E0);
#893=CIRCLE('1195',#892,2.7E0);
#898=CIRCLE('1196',#897,2.7E0);
#903=CIRCLE('1197',#902,2.7E0);
#908=CIRCLE('1198',#907,2.7E0);
#913=CIRCLE('1199',#912,2.7E0);
#918=CIRCLE('1335',#917,1.6E0);
#923=CIRCLE('1336',#922,1.6E0);
#936=CIRCLE('1566',#935,1.1E1);
#977=CIRCLE('1337',#976,1.6E0);
#982=CIRCLE('1338',#981,1.6E0);
#987=CIRCLE('1488',#986,1.2E1);
#1000=CIRCLE('2080',#999,1.2E1);
#1005=CIRCLE('1565',#1004,1.2E1);
#1010=CIRCLE('2082',#1009,1.2E1);
#1020=B_SPLINE_CURVE_WITH_KNOTS('2078',3,(#1011,#1012,#1013,#1014,#1015,#1016,
#1017,#1018,#1019),.UNSPECIFIED.,.F.,.F.,(4,1,1,1,1,1,4),(0.E0,
1.666666666667E-1,3.333333333333E-1,5.E-1,6.666666666667E-1,8.333333333333E-1,
1.E0),.UNSPECIFIED.);
#1039=B_SPLINE_CURVE_WITH_KNOTS('1390',3,(#1029,#1030,#1031,#1032,#1033,#1034,
#1035,#1036,#1037,#1038),.UNSPECIFIED.,.F.,.F.,(4,1,1,1,1,1,1,4),(0.E0,
1.428571428571E-1,2.857142857143E-1,4.285714285714E-1,5.714285714286E-1,
7.142857142857E-1,8.571428571429E-1,1.E0),.UNSPECIFIED.);
#1044=CIRCLE('1268',#1043,3.E0);
#1049=CIRCLE('1398',#1048,2.999999993827E0);
#1054=CIRCLE('1399',#1053,3.999999993827E0);
#1064=B_SPLINE_CURVE_WITH_KNOTS('2081',3,(#1055,#1056,#1057,#1058,#1059,#1060,
#1061,#1062,#1063),.UNSPECIFIED.,.F.,.F.,(4,1,1,1,1,1,4),(0.E0,
1.666666666667E-1,3.333333333333E-1,5.E-1,6.666666666667E-1,8.333333333333E-1,
1.E0),.UNSPECIFIED.);
#1075=B_SPLINE_CURVE_WITH_KNOTS('1387',3,(#1065,#1066,#1067,#1068,#1069,#1070,
#1071,#1072,#1073,#1074),.UNSPECIFIED.,.F.,.F.,(4,1,1,1,1,1,1,4),(0.E0,
1.428571428571E-1,2.857142857143E-1,4.285714285714E-1,5.714285714286E-1,
7.142857142857E-1,8.571428571429E-1,1.E0),.UNSPECIFIED.);
#1088=CIRCLE('2119',#1087,1.E0);
#1093=CIRCLE('2113',#1092,1.E0);
#1098=CIRCLE('2114',#1097,1.E0);
#1103=CIRCLE('2074',#1102,3.E0);
#1108=CIRCLE('2086',#1107,3.E0);
#1113=CIRCLE('2121',#1112,1.E0);
#1118=CIRCLE('2122',#1117,1.E0);
#1139=CIRCLE('2115',#1138,1.E0);
#1144=CIRCLE('2116',#1143,1.E0);
#1149=CIRCLE('2070',#1148,3.E0);
#1154=CIRCLE('2090',#1153,3.E0);
#1159=CIRCLE('2123',#1158,1.E0);
#1164=CIRCLE('2124',#1163,1.E0);
#1169=CIRCLE('1579',#1168,1.E0);
#1174=CIRCLE('1825',#1173,1.E0);
#1179=CIRCLE('1578',#1178,1.E0);
#1184=CIRCLE('1821',#1183,1.E0);
#1189=CIRCLE('1201',#1188,1.5E0);
#1198=CIRCLE('1202',#1197,1.5E0);
#1207=CIRCLE('1203',#1206,1.5E0);
#1216=CIRCLE('1204',#1215,1.5E0);
#1225=CIRCLE('1205',#1224,1.5E0);
#1234=CIRCLE('1206',#1233,1.5E0);
#1243=CIRCLE('1207',#1242,1.5E0);
#1252=CIRCLE('506',#1251,2.999999993306E0);
#1257=CIRCLE('507',#1256,3.999999993306E0);
#1262=CIRCLE('454',#1261,3.E0);
#1267=CIRCLE('1867',#1266,1.E0);
#1272=CIRCLE('1864',#1271,3.8E1);
#1598=EDGE_CURVE('58',#1279,#1280,#25,.T.);
#1600=EDGE_CURVE('59',#1280,#1279,#30,.T.);
#1604=EDGE_CURVE('1733',#1467,#1468,#35,.T.);
#1606=EDGE_CURVE('1734',#1468,#1467,#40,.T.);
#1610=EDGE_CURVE('1735',#1471,#1472,#45,.T.);
#1612=EDGE_CURVE('1736',#1472,#1471,#50,.T.);
#1616=EDGE_CURVE('1737',#1475,#1476,#55,.T.);
#1618=EDGE_CURVE('1738',#1476,#1475,#60,.T.);
#1622=EDGE_CURVE('1739',#1479,#1480,#65,.T.);
#1624=EDGE_CURVE('1740',#1480,#1479,#70,.T.);
#1628=ADVANCED_FACE('57',(#1603,#1609,#1615,#1621,#1627),#1597,.T.);
#1634=EDGE_CURVE('1862',#1535,#1536,#75,.T.);
#1636=EDGE_CURVE('1865',#1279,#1536,#79,.T.);
#1639=EDGE_CURVE('1866',#1280,#1535,#1276,.T.);
#1643=ADVANCED_FACE('63',(#1642),#1633,.T.);
#1649=EDGE_CURVE('1861',#1531,#1532,#165,.T.);
#1651=EDGE_CURVE('1867',#1532,#1536,#1267,.T.);
#1654=EDGE_CURVE('1868',#1531,#1535,#84,.T.);
#1658=ADVANCED_FACE('1858',(#1657),#1648,.T.);
#1665=EDGE_CURVE('1863',#1532,#1531,#170,.T.);
#1669=EDGE_CURVE('1743',#1487,#1488,#99,.T.);
#1671=EDGE_CURVE('1744',#1488,#1487,#104,.T.);
#1675=EDGE_CURVE('1745',#1491,#1492,#109,.T.);
#1677=EDGE_CURVE('1746',#1492,#1491,#114,.T.);
#1681=EDGE_CURVE('1747',#1495,#1496,#119,.T.);
#1683=EDGE_CURVE('1748',#1496,#1495,#124,.T.);
#1687=EDGE_CURVE('1812',#1499,#1500,#129,.T.);
#1689=EDGE_CURVE('1814',#1500,#1506,#133,.T.);
#1691=EDGE_CURVE('1816',#1506,#1510,#138,.T.);
#1693=EDGE_CURVE('1818',#1510,#1514,#142,.T.);
#1695=EDGE_CURVE('1820',#1514,#1518,#147,.T.);
#1697=EDGE_CURVE('1822',#1518,#1522,#151,.T.);
#1699=EDGE_CURVE('1824',#1522,#1526,#156,.T.);
#1701=EDGE_CURVE('1826',#1526,#1499,#160,.T.);
#1705=EDGE_CURVE('1741',#1483,#1484,#89,.T.);
#1707=EDGE_CURVE('1742',#1484,#1483,#94,.T.);
#1711=ADVANCED_FACE('60',(#1668,#1674,#1680,#1686,#1704,#1710),#1663,.F.);
#1718=EDGE_CURVE('1749',#1467,#1483,#174,.T.);
#1721=EDGE_CURVE('1750',#1468,#1484,#178,.T.);
#1725=ADVANCED_FACE('1708',(#1724),#1716,.F.);
#1737=ADVANCED_FACE('1710',(#1736),#1730,.F.);
#1744=EDGE_CURVE('1751',#1471,#1487,#182,.T.);
#1747=EDGE_CURVE('1752',#1472,#1488,#186,.T.);
#1751=ADVANCED_FACE('1712',(#1750),#1742,.F.);
#1763=ADVANCED_FACE('1714',(#1762),#1756,.F.);
#1770=EDGE_CURVE('1753',#1475,#1491,#190,.T.);
#1773=EDGE_CURVE('1754',#1476,#1492,#194,.T.);
#1777=ADVANCED_FACE('1716',(#1776),#1768,.F.);
#1789=ADVANCED_FACE('1718',(#1788),#1782,.F.);
#1796=EDGE_CURVE('1755',#1479,#1495,#198,.T.);
#1799=EDGE_CURVE('1756',#1480,#1496,#202,.T.);
#1803=ADVANCED_FACE('1720',(#1802),#1794,.F.);
#1815=ADVANCED_FACE('1722',(#1814),#1808,.F.);
#1822=EDGE_CURVE('1837',#1499,#1503,#207,.T.);
#1824=EDGE_CURVE('1813',#1503,#1504,#684,.T.);
#1826=EDGE_CURVE('1843',#1500,#1504,#242,.T.);
#1830=ADVANCED_FACE('1809',(#1829),#1820,.F.);
#1837=EDGE_CURVE('1836',#1526,#1528,#212,.T.);
#1839=EDGE_CURVE('1827',#1528,#1503,#653,.T.);
#1844=ADVANCED_FACE('1780',(#1843),#1835,.F.);
#1851=EDGE_CURVE('1838',#1522,#1524,#217,.T.);
#1853=EDGE_CURVE('1825',#1524,#1528,#1174,.T.);
#1858=ADVANCED_FACE('1785',(#1857),#1849,.F.);
#1865=EDGE_CURVE('1839',#1518,#1520,#222,.T.);
#1867=EDGE_CURVE('1823',#1520,#1524,#927,.T.);
#1872=ADVANCED_FACE('1789',(#1871),#1863,.F.);
#1879=EDGE_CURVE('1840',#1514,#1516,#227,.T.);
#1881=EDGE_CURVE('1821',#1516,#1520,#1184,.T.);
#1886=ADVANCED_FACE('1793',(#1885),#1877,.F.);
#1893=EDGE_CURVE('1841',#1510,#1512,#232,.T.);
#1895=EDGE_CURVE('1819',#1512,#1516,#715,.T.);
#1900=ADVANCED_FACE('1797',(#1899),#1891,.F.);
#1907=EDGE_CURVE('1842',#1506,#1508,#237,.T.);
#1909=EDGE_CURVE('1817',#1508,#1512,#694,.T.);
#1914=ADVANCED_FACE('1801',(#1913),#1905,.F.);
#1922=EDGE_CURVE('1815',#1504,#1508,#296,.T.);
#1927=ADVANCED_FACE('1805',(#1926),#1919,.F.);
#1934=EDGE_CURVE('1835',#1504,#1463,#300,.T.);
#1936=EDGE_CURVE('1646',#1463,#1464,#305,.T.);
#1938=EDGE_CURVE('1832',#1464,#1508,#309,.T.);
#1942=EDGE_CURVE('678',#1335,#1336,#257,.T.);
#1944=EDGE_CURVE('679',#1336,#1335,#262,.T.);
#1948=EDGE_CURVE('680',#1339,#1340,#267,.T.);
#1950=EDGE_CURVE('681',#1340,#1339,#272,.T.);
#1954=EDGE_CURVE('682',#1343,#1344,#277,.T.);
#1956=EDGE_CURVE('683',#1344,#1343,#282,.T.);
#1960=EDGE_CURVE('684',#1347,#1348,#287,.T.);
#1962=EDGE_CURVE('685',#1348,#1347,#292,.T.);
#1966=EDGE_CURVE('238',#1283,#1284,#247,.T.);
#1968=EDGE_CURVE('239',#1284,#1283,#252,.T.);
#1972=ADVANCED_FACE('97',(#1941,#1947,#1953,#1959,#1965,#1971),#1932,.T.);
#1978=EDGE_CURVE('452',#1296,#1290,#323,.T.);
#1980=EDGE_CURVE('446',#1296,#1284,#335,.T.);
#1983=EDGE_CURVE('341',#1290,#1283,#313,.T.);
#1987=ADVANCED_FACE('232',(#1986),#1977,.F.);
#1993=EDGE_CURVE('426',#1292,#1287,#327,.T.);
#1995=EDGE_CURVE('454',#1294,#1292,#1262,.T.);
#1997=EDGE_CURVE('427',#1288,#1294,#331,.T.);
#1999=EDGE_CURVE('335',#1287,#1288,#379,.T.);
#2003=EDGE_CURVE('451',#1290,#1296,#318,.T.);
#2008=ADVANCED_FACE('311',(#2002,#2007),#1992,.T.);
#2020=ADVANCED_FACE('234',(#2019),#2013,.F.);
#2026=EDGE_CURVE('2065',#1537,#1538,#345,.T.);
#2028=EDGE_CURVE('2101',#1537,#1298,#488,.T.);
#2030=EDGE_CURVE('495',#1297,#1298,#356,.T.);
#2032=EDGE_CURVE('501',#1297,#1292,#360,.T.);
#2035=EDGE_CURVE('2099',#1538,#1287,#374,.T.);
#2039=ADVANCED_FACE('316',(#2038),#2025,.F.);
#2046=EDGE_CURVE('2066',#1540,#1538,#370,.T.);
#2048=EDGE_CURVE('2118',#1542,#1540,#365,.T.);
#2050=EDGE_CURVE('2067',#1542,#1537,#463,.T.);
#2054=ADVANCED_FACE('1900',(#2053),#2044,.T.);
#2063=EDGE_CURVE('2100',#1591,#1288,#383,.T.);
#2065=EDGE_CURVE('2096',#1591,#1590,#388,.T.);
#2067=EDGE_CURVE('2112',#1590,#1460,#723,.T.);
#2069=EDGE_CURVE('1645',#1459,#1460,#393,.T.);
#2071=EDGE_CURVE('2111',#1540,#1459,#645,.T.);
#2075=ADVANCED_FACE('254',(#2074),#2059,.T.);
#2081=EDGE_CURVE('2094',#1591,#1592,#403,.T.);
#2085=EDGE_CURVE('502',#1300,#1294,#407,.T.);
#2087=EDGE_CURVE('498',#1299,#1300,#418,.T.);
#2089=EDGE_CURVE('2102',#1592,#1299,#484,.T.);
#2093=ADVANCED_FACE('320',(#2092),#2080,.F.);
#2100=EDGE_CURVE('2095',#1592,#1588,#480,.T.);
#2102=EDGE_CURVE('2124',#1588,#1590,#1164,.T.);
#2107=ADVANCED_FACE('1929',(#2106),#2098,.T.);
#2114=EDGE_CURVE('2068',#1544,#1542,#467,.T.);
#2116=EDGE_CURVE('2098',#1584,#1544,#471,.T.);
#2118=EDGE_CURVE('2092',#1588,#1584,#475,.T.);
#2122=EDGE_CURVE('507',#1298,#1299,#1257,.T.);
#2127=EDGE_CURVE('588',#1307,#1308,#433,.T.);
#2129=EDGE_CURVE('589',#1308,#1307,#438,.T.);
#2133=EDGE_CURVE('590',#1311,#1312,#443,.T.);
#2135=EDGE_CURVE('591',#1312,#1311,#448,.T.);
#2139=EDGE_CURVE('592',#1315,#1316,#453,.T.);
#2141=EDGE_CURVE('593',#1316,#1315,#458,.T.);
#2145=EDGE_CURVE('586',#1303,#1304,#423,.T.);
#2147=EDGE_CURVE('587',#1304,#1303,#428,.T.);
#2151=ADVANCED_FACE('146',(#2126,#2132,#2138,#2144,#2150),#2112,.T.);
#2157=EDGE_CURVE('686',#1351,#1352,#493,.T.);
#2159=EDGE_CURVE('694',#1351,#1303,#497,.T.);
#2162=EDGE_CURVE('695',#1352,#1304,#578,.T.);
#2166=ADVANCED_FACE('553',(#2165),#2156,.F.);
#2172=EDGE_CURVE('646',#1319,#1320,#502,.T.);
#2174=EDGE_CURVE('647',#1320,#1319,#507,.T.);
#2178=EDGE_CURVE('692',#1363,#1364,#619,.T.);
#2180=EDGE_CURVE('693',#1364,#1363,#628,.T.);
#2184=ADVANCED_FACE('645',(#2177,#2183),#2171,.T.);
#2190=EDGE_CURVE('648',#1323,#1324,#512,.T.);
#2192=EDGE_CURVE('649',#1324,#1323,#517,.T.);
#2197=EDGE_CURVE('687',#1352,#1351,#574,.T.);
#2201=ADVANCED_FACE('645',(#2195,#2200),#2189,.T.);
#2207=EDGE_CURVE('650',#1327,#1328,#522,.T.);
#2209=EDGE_CURVE('651',#1328,#1327,#527,.T.);
#2213=EDGE_CURVE('688',#1355,#1356,#583,.T.);
#2215=EDGE_CURVE('689',#1356,#1355,#592,.T.);
#2219=ADVANCED_FACE('645',(#2212,#2218),#2206,.T.);
#2225=EDGE_CURVE('652',#1331,#1332,#532,.T.);
#2227=EDGE_CURVE('653',#1332,#1331,#537,.T.);
#2231=EDGE_CURVE('690',#1359,#1360,#601,.T.);
#2233=EDGE_CURVE('691',#1360,#1359,#610,.T.);
#2237=ADVANCED_FACE('645',(#2230,#2236),#2224,.T.);
#2244=EDGE_CURVE('702',#1335,#1319,#541,.T.);
#2247=EDGE_CURVE('703',#1336,#1320,#545,.T.);
#2251=ADVANCED_FACE('654',(#2250),#2242,.F.);
#2263=ADVANCED_FACE('656',(#2262),#2256,.F.);
#2270=EDGE_CURVE('704',#1339,#1323,#549,.T.);
#2273=EDGE_CURVE('705',#1340,#1324,#553,.T.);
#2277=ADVANCED_FACE('658',(#2276),#2268,.F.);
#2289=ADVANCED_FACE('660',(#2288),#2282,.F.);
#2296=EDGE_CURVE('706',#1343,#1327,#557,.T.);
#2299=EDGE_CURVE('707',#1344,#1328,#561,.T.);
#2303=ADVANCED_FACE('662',(#2302),#2294,.F.);
#2315=ADVANCED_FACE('664',(#2314),#2308,.F.);
#2322=EDGE_CURVE('708',#1347,#1331,#565,.T.);
#2325=EDGE_CURVE('709',#1348,#1332,#569,.T.);
#2329=ADVANCED_FACE('666',(#2328),#2320,.F.);
#2341=ADVANCED_FACE('668',(#2340),#2334,.F.);
#2353=ADVANCED_FACE('555',(#2352),#2346,.F.);
#2360=EDGE_CURVE('696',#1355,#1307,#587,.T.);
#2363=EDGE_CURVE('697',#1356,#1308,#596,.T.);
#2367=ADVANCED_FACE('557',(#2366),#2358,.F.);
#2379=ADVANCED_FACE('559',(#2378),#2372,.F.);
#2386=EDGE_CURVE('698',#1359,#1311,#605,.T.);
#2389=EDGE_CURVE('699',#1360,#1312,#614,.T.);
#2393=ADVANCED_FACE('561',(#2392),#2384,.F.);
#2405=ADVANCED_FACE('563',(#2404),#2398,.F.);
#2412=EDGE_CURVE('700',#1363,#1315,#623,.T.);
#2415=EDGE_CURVE('701',#1364,#1316,#632,.T.);
#2419=ADVANCED_FACE('565',(#2418),#2410,.F.);
#2431=ADVANCED_FACE('567',(#2430),#2424,.F.);
#2439=EDGE_CURVE('2069',#1546,#1540,#641,.T.);
#2441=EDGE_CURVE('2117',#1544,#1546,#637,.T.);
#2445=ADVANCED_FACE('1896',(#2444),#2436,.T.);
#2453=EDGE_CURVE('1834',#1503,#1459,#649,.T.);
#2456=EDGE_CURVE('1829',#1452,#1528,#657,.T.);
#2458=EDGE_CURVE('2109',#1452,#1562,#661,.T.);
#2460=EDGE_CURVE('2077',#1562,#1558,#665,.T.);
#2462=EDGE_CURVE('2075',#1558,#1554,#670,.T.);
#2464=EDGE_CURVE('2073',#1554,#1550,#674,.T.);
#2466=EDGE_CURVE('2071',#1550,#1546,#679,.T.);
#2470=ADVANCED_FACE('103',(#2469),#2450,.T.);
#2478=EDGE_CURVE('1659',#1459,#1463,#689,.T.);
#2483=ADVANCED_FACE('1599',(#2482),#2475,.T.);
#2490=EDGE_CURVE('1658',#1460,#1464,#699,.T.);
#2496=ADVANCED_FACE('1595',(#2495),#2488,.T.);
#2505=EDGE_CURVE('1833',#1460,#1512,#719,.T.);
#2509=ADVANCED_FACE('1590',(#2508),#2501,.T.);
#2515=EDGE_CURVE('2085',#1574,#1568,#703,.T.);
#2517=EDGE_CURVE('2110',#1451,#1568,#707,.T.);
#2519=EDGE_CURVE('1830',#1516,#1451,#711,.T.);
#2524=EDGE_CURVE('2093',#1590,#1586,#727,.T.);
#2526=EDGE_CURVE('2091',#1586,#1582,#732,.T.);
#2528=EDGE_CURVE('2089',#1582,#1578,#736,.T.);
#2530=EDGE_CURVE('2087',#1578,#1574,#741,.T.);
#2534=ADVANCED_FACE('99',(#2533),#2514,.T.);
#2540=EDGE_CURVE('2084',#1572,#1570,#812,.T.);
#2542=EDGE_CURVE('2119',#1570,#1568,#1088,.T.);
#2545=EDGE_CURVE('2120',#1572,#1574,#746,.T.);
#2549=ADVANCED_FACE('1909',(#2548),#2539,.T.);
#2555=EDGE_CURVE('2076',#1560,#1556,#790,.T.);
#2557=EDGE_CURVE('2079',#1564,#1560,#795,.T.);
#2559=EDGE_CURVE('2107',#1564,#1443,#799,.T.);
#2561=EDGE_CURVE('1399',#1442,#1443,#1054,.T.);
#2563=EDGE_CURVE('2108',#1565,#1442,#803,.T.);
#2565=EDGE_CURVE('2083',#1570,#1565,#808,.T.);
#2568=EDGE_CURVE('2104',#1556,#1572,#816,.T.);
#2572=EDGE_CURVE('1183',#1403,#1404,#761,.T.);
#2574=EDGE_CURVE('1184',#1404,#1403,#766,.T.);
#2578=EDGE_CURVE('1185',#1407,#1408,#771,.T.);
#2580=EDGE_CURVE('1186',#1408,#1407,#776,.T.);
#2584=EDGE_CURVE('1187',#1411,#1412,#781,.T.);
#2586=EDGE_CURVE('1188',#1412,#1411,#786,.T.);
#2590=EDGE_CURVE('1181',#1399,#1400,#751,.T.);
#2592=EDGE_CURVE('1182',#1400,#1399,#756,.T.);
#2596=ADVANCED_FACE('1132',(#2571,#2577,#2583,#2589,#2595),#2554,.F.);
#2602=EDGE_CURVE('1200',#1415,#1416,#821,.T.);
#2604=EDGE_CURVE('1209',#1416,#1400,#1193,.T.);
#2607=EDGE_CURVE('1208',#1415,#1399,#825,.T.);
#2611=ADVANCED_FACE('979',(#2610),#2601,.F.);
#2617=EDGE_CURVE('1043',#1367,#1368,#830,.T.);
#2619=EDGE_CURVE('1044',#1368,#1367,#835,.T.);
#2623=EDGE_CURVE('1206',#1427,#1428,#1234,.T.);
#2625=EDGE_CURVE('1207',#1428,#1427,#1243,.T.);
#2629=ADVANCED_FACE('1026',(#2622,#2628),#2616,.F.);
#2635=EDGE_CURVE('1045',#1371,#1372,#840,.T.);
#2637=EDGE_CURVE('1046',#1372,#1371,#845,.T.);
#2642=EDGE_CURVE('1201',#1416,#1415,#1189,.T.);
#2646=ADVANCED_FACE('1026',(#2640,#2645),#2634,.F.);
#2652=EDGE_CURVE('1047',#1375,#1376,#850,.T.);
#2654=EDGE_CURVE('1048',#1376,#1375,#855,.T.);
#2658=EDGE_CURVE('1202',#1419,#1420,#1198,.T.);
#2660=EDGE_CURVE('1203',#1420,#1419,#1207,.T.);
#2664=ADVANCED_FACE('1026',(#2657,#2663),#2651,.F.);
#2670=EDGE_CURVE('1049',#1379,#1380,#860,.T.);
#2672=EDGE_CURVE('1050',#1380,#1379,#865,.T.);
#2676=EDGE_CURVE('1204',#1423,#1424,#1216,.T.);
#2678=EDGE_CURVE('1205',#1424,#1423,#1225,.T.);
#2682=ADVANCED_FACE('1026',(#2675,#2681),#2669,.F.);
#2688=EDGE_CURVE('1059',#1382,#1367,#869,.T.);
#2690=EDGE_CURVE('1192',#1382,#1384,#878,.T.);
#2692=EDGE_CURVE('1060',#1384,#1368,#873,.T.);
#2697=ADVANCED_FACE('1027',(#2696),#2687,.F.);
#2706=EDGE_CURVE('1193',#1384,#1382,#883,.T.);
#2710=ADVANCED_FACE('1028',(#2709),#2702,.F.);
#2717=EDGE_CURVE('1831',#1520,#1455,#931,.T.);
#2719=EDGE_CURVE('1566',#1455,#1456,#936,.T.);
#2721=EDGE_CURVE('1828',#1456,#1524,#940,.T.);
#2725=EDGE_CURVE('1194',#1386,#1388,#888,.T.);
#2727=EDGE_CURVE('1195',#1388,#1386,#893,.T.);
#2731=EDGE_CURVE('1196',#1390,#1392,#898,.T.);
#2733=EDGE_CURVE('1197',#1392,#1390,#903,.T.);
#2737=EDGE_CURVE('1198',#1394,#1396,#908,.T.);
#2739=EDGE_CURVE('1199',#1396,#1394,#913,.T.);
#2743=EDGE_CURVE('1335',#1435,#1436,#918,.T.);
#2745=EDGE_CURVE('1336',#1436,#1435,#923,.T.);
#2753=ADVANCED_FACE('101',(#2724,#2730,#2736,#2742,#2748,#2752),#2715,.T.);
#2759=EDGE_CURVE('1061',#1386,#1371,#944,.T.);
#2762=EDGE_CURVE('1062',#1388,#1372,#948,.T.);
#2767=ADVANCED_FACE('1029',(#2766),#2758,.F.);
#2779=ADVANCED_FACE('1030',(#2778),#2772,.F.);
#2785=EDGE_CURVE('1063',#1390,#1375,#952,.T.);
#2788=EDGE_CURVE('1064',#1392,#1376,#956,.T.);
#2793=ADVANCED_FACE('1031',(#2792),#2784,.F.);
#2805=ADVANCED_FACE('1032',(#2804),#2798,.F.);
#2811=EDGE_CURVE('1065',#1394,#1379,#960,.T.);
#2814=EDGE_CURVE('1066',#1396,#1380,#964,.T.);
#2819=ADVANCED_FACE('1033',(#2818),#2810,.F.);
#2831=ADVANCED_FACE('1034',(#2830),#2824,.F.);
#2838=EDGE_CURVE('1339',#1439,#1435,#968,.T.);
#2840=EDGE_CURVE('1337',#1439,#1440,#977,.T.);
#2842=EDGE_CURVE('1340',#1440,#1436,#972,.T.);
#2846=ADVANCED_FACE('1329',(#2845),#2836,.F.);
#2854=EDGE_CURVE('1338',#1440,#1439,#982,.T.);
#2859=ADVANCED_FACE('1331',(#2858),#2851,.F.);
#2865=EDGE_CURVE('1488',#1447,#1448,#987,.T.);
#2867=EDGE_CURVE('1497',#1447,#1432,#991,.T.);
#2869=EDGE_CURVE('1268',#1431,#1432,#1044,.T.);
#2871=EDGE_CURVE('1496',#1431,#1448,#995,.T.);
#2879=ADVANCED_FACE('1229',(#2874,#2878),#2864,.F.);
#2885=EDGE_CURVE('2080',#1563,#1562,#1000,.T.);
#2888=EDGE_CURVE('1565',#1451,#1452,#1005,.T.);
#2891=EDGE_CURVE('2082',#1568,#1566,#1010,.T.);
#2893=EDGE_CURVE('2105',#1566,#1447,#1083,.T.);
#2896=EDGE_CURVE('2106',#1448,#1563,#1024,.T.);
#2900=ADVANCED_FACE('1455',(#2899),#2884,.T.);
#2906=EDGE_CURVE('2078',#1563,#1564,#1020,.T.);
#2909=EDGE_CURVE('2113',#1560,#1562,#1093,.T.);
#2914=ADVANCED_FACE('1875',(#2913),#2905,.T.);
#2923=EDGE_CURVE('1393',#1431,#1444,#1028,.T.);
#2925=EDGE_CURVE('1390',#1443,#1444,#1039,.T.);
#2930=ADVANCED_FACE('1230',(#2929),#2919,.T.);
#2936=EDGE_CURVE('1398',#1444,#1441,#1049,.T.);
#2940=EDGE_CURVE('1394',#1432,#1441,#1079,.T.);
#2944=ADVANCED_FACE('1256',(#2943),#2935,.F.);
#2951=EDGE_CURVE('1387',#1441,#1442,#1075,.T.);
#2957=ADVANCED_FACE('1350',(#2956),#2949,.T.);
#2963=EDGE_CURVE('2081',#1565,#1566,#1064,.T.);
#2972=ADVANCED_FACE('1232',(#2971),#2962,.T.);
#2984=ADVANCED_FACE('1904',(#2983),#2977,.T.);
#2991=EDGE_CURVE('2114',#1556,#1558,#1098,.T.);
#2997=ADVANCED_FACE('1880',(#2996),#2989,.T.);
#3003=EDGE_CURVE('2074',#1556,#1552,#1103,.T.);
#3005=EDGE_CURVE('2115',#1552,#1554,#1139,.T.);
#3011=ADVANCED_FACE('1884',(#3010),#3002,.T.);
#3019=EDGE_CURVE('2086',#1576,#1572,#1108,.T.);
#3021=EDGE_CURVE('2103',#1552,#1576,#1126,.T.);
#3025=ADVANCED_FACE('1407',(#3024),#3016,.F.);
#3034=EDGE_CURVE('2121',#1576,#1578,#1113,.T.);
#3038=ADVANCED_FACE('1913',(#3037),#3030,.T.);
#3044=EDGE_CURVE('2088',#1580,#1576,#1130,.T.);
#3048=EDGE_CURVE('2122',#1580,#1582,#1118,.T.);
#3052=ADVANCED_FACE('1917',(#3051),#3043,.T.);
#3058=EDGE_CURVE('2072',#1552,#1548,#1122,.T.);
#3062=EDGE_CURVE('2097',#1580,#1548,#1134,.T.);
#3066=ADVANCED_FACE('92',(#3065),#3057,.T.);
#3073=EDGE_CURVE('2116',#1548,#1550,#1144,.T.);
#3079=ADVANCED_FACE('1888',(#3078),#3071,.T.);
#3085=EDGE_CURVE('2070',#1548,#1544,#1149,.T.);
#3092=ADVANCED_FACE('1892',(#3091),#3084,.T.);
#3100=EDGE_CURVE('2090',#1584,#1580,#1154,.T.);
#3105=ADVANCED_FACE('173',(#3104),#3097,.F.);
#3114=EDGE_CURVE('2123',#1584,#1586,#1159,.T.);
#3118=ADVANCED_FACE('1921',(#3117),#3110,.T.);
#3130=ADVANCED_FACE('1925',(#3129),#3123,.T.);
#3137=EDGE_CURVE('1578',#1452,#1456,#1179,.T.);
#3140=EDGE_CURVE('1579',#1451,#1455,#1169,.T.);
#3144=ADVANCED_FACE('1515',(#3143),#3135,.T.);
#3156=ADVANCED_FACE('1510',(#3155),#3149,.T.);
#3168=ADVANCED_FACE('1519',(#3167),#3161,.T.);
#3180=ADVANCED_FACE('980',(#3179),#3173,.F.);
#3187=EDGE_CURVE('1211',#1420,#1404,#1211,.T.);
#3190=EDGE_CURVE('1210',#1419,#1403,#1202,.T.);
#3194=ADVANCED_FACE('981',(#3193),#3185,.F.);
#3206=ADVANCED_FACE('982',(#3205),#3199,.F.);
#3213=EDGE_CURVE('1213',#1424,#1408,#1229,.T.);
#3216=EDGE_CURVE('1212',#1423,#1407,#1220,.T.);
#3220=ADVANCED_FACE('983',(#3219),#3211,.F.);
#3232=ADVANCED_FACE('984',(#3231),#3225,.F.);
#3239=EDGE_CURVE('1215',#1428,#1412,#1247,.T.);
#3242=EDGE_CURVE('1214',#1427,#1411,#1238,.T.);
#3246=ADVANCED_FACE('985',(#3245),#3237,.F.);
#3258=ADVANCED_FACE('986',(#3257),#3251,.F.);
#3264=EDGE_CURVE('506',#1300,#1297,#1252,.T.);
#3271=ADVANCED_FACE('458',(#3270),#3263,.T.);
#3283=ADVANCED_FACE('410',(#3282),#3276,.F.);
#3291=EDGE_CURVE('1864',#1536,#1535,#1272,.T.);
#3296=ADVANCED_FACE('1853',(#3295),#3288,.T.);
#3308=ADVANCED_FACE('65',(#3307),#3301,.T.);
#3309=CLOSED_SHELL('',(#1628,#1643,#1658,#1711,#1725,#1737,#1751,#1763,#1777,
#1789,#1803,#1815,#1830,#1844,#1858,#1872,#1886,#1900,#1914,#1927,#1972,#1987,
#2008,#2020,#2039,#2054,#2075,#2093,#2107,#2151,#2166,#2184,#2201,#2219,#2237,
#2251,#2263,#2277,#2289,#2303,#2315,#2329,#2341,#2353,#2367,#2379,#2393,#2405,
#2419,#2431,#2445,#2470,#2483,#2496,#2509,#2534,#2549,#2596,#2611,#2629,#2646,
#2664,#2682,#2697,#2710,#2753,#2767,#2779,#2793,#2805,#2819,#2831,#2846,#2859,
#2879,#2900,#2914,#2930,#2944,#2957,#2972,#2984,#2997,#3011,#3025,#3038,#3052,
#3066,#3079,#3092,#3105,#3118,#3130,#3144,#3156,#3168,#3180,#3194,#3206,#3220,
#3232,#3246,#3258,#3271,#3283,#3296,#3308));
#3310=MANIFOLD_SOLID_BREP('',#3309);
#3338=TRIMMED_CURVE('A_PRT_X',#3337,(PARAMETER_VALUE(0.E0)),(PARAMETER_VALUE(
1.E0)),.T.,.UNSPECIFIED.);
#3346=CIRCLE('51',#3345,3.8E1);
#3347=TRIMMED_CURVE('51',#3346,(PARAMETER_VALUE(0.E0)),(PARAMETER_VALUE(1.8E2)),
.T.,.UNSPECIFIED.);
#3351=COMPOSITE_CURVE_SEGMENT(.CONTINUOUS.,.T.,#3347);
#3356=CIRCLE('52',#3355,3.8E1);
#3357=TRIMMED_CURVE('52',#3356,(PARAMETER_VALUE(0.E0)),(PARAMETER_VALUE(1.8E2)),
.T.,.UNSPECIFIED.);
#3361=COMPOSITE_CURVE_SEGMENT(.CONTINUOUS.,.T.,#3357);
#3362=COMPOSITE_CURVE('50',(#3351,#3361),.F.);
#3368=TRIMMED_CURVE('A_1',#3367,(PARAMETER_VALUE(0.E0)),(PARAMETER_VALUE(1.E0)),
.T.,.UNSPECIFIED.);
#3376=TRIMMED_CURVE('80',#3375,(PARAMETER_VALUE(0.E0)),(PARAMETER_VALUE(1.E0)),
.T.,.UNSPECIFIED.);
#3380=COMPOSITE_CURVE_SEGMENT(.CONTINUOUS.,.T.,#3376);
#3385=TRIMMED_CURVE('81',#3384,(PARAMETER_VALUE(0.E0)),(PARAMETER_VALUE(1.E0)),
.T.,.UNSPECIFIED.);
#3389=COMPOSITE_CURVE_SEGMENT(.CONTINUOUS.,.T.,#3385);
#3394=TRIMMED_CURVE('82',#3393,(PARAMETER_VALUE(0.E0)),(PARAMETER_VALUE(1.E0)),
.T.,.UNSPECIFIED.);
#3398=COMPOSITE_CURVE_SEGMENT(.CONTINUOUS.,.T.,#3394);
#3403=TRIMMED_CURVE('83',#3402,(PARAMETER_VALUE(0.E0)),(PARAMETER_VALUE(1.E0)),
.T.,.UNSPECIFIED.);
#3407=COMPOSITE_CURVE_SEGMENT(.CONTINUOUS.,.T.,#3403);
#3408=COMPOSITE_CURVE('79',(#3380,#3389,#3398,#3407),.F.);
#3413=TRIMMED_CURVE('125',#3412,(PARAMETER_VALUE(0.E0)),(PARAMETER_VALUE(1.E0)),
.T.,.UNSPECIFIED.);
#3417=COMPOSITE_CURVE_SEGMENT(.CONTINUOUS.,.T.,#3413);
#3422=TRIMMED_CURVE('126',#3421,(PARAMETER_VALUE(0.E0)),(PARAMETER_VALUE(1.E0)),
.T.,.UNSPECIFIED.);
#3426=COMPOSITE_CURVE_SEGMENT(.CONTINUOUS.,.T.,#3422);
#3431=TRIMMED_CURVE('127',#3430,(PARAMETER_VALUE(0.E0)),(PARAMETER_VALUE(1.E0)),
.T.,.UNSPECIFIED.);
#3435=COMPOSITE_CURVE_SEGMENT(.CONTINUOUS.,.T.,#3431);
#3440=TRIMMED_CURVE('128',#3439,(PARAMETER_VALUE(0.E0)),(PARAMETER_VALUE(1.E0)),
.T.,.UNSPECIFIED.);
#3444=COMPOSITE_CURVE_SEGMENT(.CONTINUOUS.,.T.,#3440);
#3445=COMPOSITE_CURVE('124',(#3417,#3426,#3435,#3444),.F.);
#3450=TRIMMED_CURVE('A_2',#3449,(PARAMETER_VALUE(0.E0)),(PARAMETER_VALUE(1.E0)),
.T.,.UNSPECIFIED.);
#3458=TRIMMED_CURVE('298',#3457,(PARAMETER_VALUE(0.E0)),(PARAMETER_VALUE(1.E0)),
.T.,.UNSPECIFIED.);
#3462=COMPOSITE_CURVE_SEGMENT(.CONTINUOUS.,.T.,#3458);
#3467=TRIMMED_CURVE('299',#3466,(PARAMETER_VALUE(0.E0)),(PARAMETER_VALUE(1.E0)),
.T.,.UNSPECIFIED.);
#3471=COMPOSITE_CURVE_SEGMENT(.CONTINUOUS.,.T.,#3467);
#3476=TRIMMED_CURVE('300',#3475,(PARAMETER_VALUE(0.E0)),(PARAMETER_VALUE(1.E0)),
.T.,.UNSPECIFIED.);
#3480=COMPOSITE_CURVE_SEGMENT(.CONTINUOUS.,.T.,#3476);
#3485=TRIMMED_CURVE('301',#3484,(PARAMETER_VALUE(0.E0)),(PARAMETER_VALUE(1.E0)),
.T.,.UNSPECIFIED.);
#3489=COMPOSITE_CURVE_SEGMENT(.CONTINUOUS.,.T.,#3485);
#3490=COMPOSITE_CURVE('293',(#3462,#3471,#3480,#3489),.F.);
#3496=TRIMMED_CURVE('A_3',#3495,(PARAMETER_VALUE(0.E0)),(PARAMETER_VALUE(1.E0)),
.T.,.UNSPECIFIED.);
#3504=TRIMMED_CURVE('A_4',#3503,(PARAMETER_VALUE(0.E0)),(PARAMETER_VALUE(1.E0)),
.T.,.UNSPECIFIED.);
#3512=TRIMMED_CURVE('A_5',#3511,(PARAMETER_VALUE(0.E0)),(PARAMETER_VALUE(1.E0)),
.T.,.UNSPECIFIED.);
#3520=CIRCLE('524',#3519,1.5E0);
#3521=TRIMMED_CURVE('524',#3520,(PARAMETER_VALUE(0.E0)),(PARAMETER_VALUE
(1.8E2)),.T.,.UNSPECIFIED.);
#3525=COMPOSITE_CURVE_SEGMENT(.CONTINUOUS.,.T.,#3521);
#3530=CIRCLE('525',#3529,1.5E0);
#3531=TRIMMED_CURVE('525',#3530,(PARAMETER_VALUE(0.E0)),(PARAMETER_VALUE
(1.8E2)),.T.,.UNSPECIFIED.);
#3535=COMPOSITE_CURVE_SEGMENT(.CONTINUOUS.,.T.,#3531);
#3536=COMPOSITE_CURVE('517',(#3525,#3535),.F.);
#3541=CIRCLE('526',#3540,1.5E0);
#3542=TRIMMED_CURVE('526',#3541,(PARAMETER_VALUE(0.E0)),(PARAMETER_VALUE
(1.8E2)),.T.,.UNSPECIFIED.);
#3546=COMPOSITE_CURVE_SEGMENT(.CONTINUOUS.,.T.,#3542);
#3551=CIRCLE('527',#3550,1.5E0);
#3552=TRIMMED_CURVE('527',#3551,(PARAMETER_VALUE(0.E0)),(PARAMETER_VALUE
(1.8E2)),.T.,.UNSPECIFIED.);
#3556=COMPOSITE_CURVE_SEGMENT(.CONTINUOUS.,.T.,#3552);
#3557=COMPOSITE_CURVE('518',(#3546,#3556),.F.);
#3562=CIRCLE('528',#3561,1.5E0);
#3563=TRIMMED_CURVE('528',#3562,(PARAMETER_VALUE(0.E0)),(PARAMETER_VALUE
(1.8E2)),.T.,.UNSPECIFIED.);
#3567=COMPOSITE_CURVE_SEGMENT(.CONTINUOUS.,.T.,#3563);
#3572=CIRCLE('529',#3571,1.5E0);
#3573=TRIMMED_CURVE('529',#3572,(PARAMETER_VALUE(0.E0)),(PARAMETER_VALUE
(1.8E2)),.T.,.UNSPECIFIED.);
#3577=COMPOSITE_CURVE_SEGMENT(.CONTINUOUS.,.T.,#3573);
#3578=COMPOSITE_CURVE('519',(#3567,#3577),.F.);
#3583=CIRCLE('530',#3582,1.5E0);
#3584=TRIMMED_CURVE('530',#3583,(PARAMETER_VALUE(0.E0)),(PARAMETER_VALUE
(1.8E2)),.T.,.UNSPECIFIED.);
#3588=COMPOSITE_CURVE_SEGMENT(.CONTINUOUS.,.T.,#3584);
#3593=CIRCLE('531',#3592,1.5E0);
#3594=TRIMMED_CURVE('531',#3593,(PARAMETER_VALUE(0.E0)),(PARAMETER_VALUE
(1.8E2)),.T.,.UNSPECIFIED.);
#3598=COMPOSITE_CURVE_SEGMENT(.CONTINUOUS.,.T.,#3594);
#3599=COMPOSITE_CURVE('520',(#3588,#3598),.F.);
#3604=TRIMMED_CURVE('A_6',#3603,(PARAMETER_VALUE(0.E0)),(PARAMETER_VALUE(1.E0)),
.T.,.UNSPECIFIED.);
#3612=TRIMMED_CURVE('A_7',#3611,(PARAMETER_VALUE(0.E0)),(PARAMETER_VALUE(1.E0)),
.T.,.UNSPECIFIED.);
#3620=TRIMMED_CURVE('A_8',#3619,(PARAMETER_VALUE(0.E0)),(PARAMETER_VALUE(1.E0)),
.T.,.UNSPECIFIED.);
#3628=TRIMMED_CURVE('A_9',#3627,(PARAMETER_VALUE(0.E0)),(PARAMETER_VALUE(1.E0)),
.T.,.UNSPECIFIED.);
#3636=TRIMMED_CURVE('A_10',#3635,(PARAMETER_VALUE(0.E0)),(PARAMETER_VALUE
(1.E0)),.T.,.UNSPECIFIED.);
#3644=CIRCLE('623',#3643,2.7E0);
#3645=TRIMMED_CURVE('623',#3644,(PARAMETER_VALUE(0.E0)),(PARAMETER_VALUE
(1.8E2)),.T.,.UNSPECIFIED.);
#3649=COMPOSITE_CURVE_SEGMENT(.CONTINUOUS.,.T.,#3645);
#3654=CIRCLE('624',#3653,2.7E0);
#3655=TRIMMED_CURVE('624',#3654,(PARAMETER_VALUE(0.E0)),(PARAMETER_VALUE
(1.8E2)),.T.,.UNSPECIFIED.);
#3659=COMPOSITE_CURVE_SEGMENT(.CONTINUOUS.,.T.,#3655);
#3660=COMPOSITE_CURVE('619',(#3649,#3659),.F.);
#3665=CIRCLE('625',#3664,2.7E0);
#3666=TRIMMED_CURVE('625',#3665,(PARAMETER_VALUE(0.E0)),(PARAMETER_VALUE
(1.8E2)),.T.,.UNSPECIFIED.);
#3670=COMPOSITE_CURVE_SEGMENT(.CONTINUOUS.,.T.,#3666);
#3675=CIRCLE('626',#3674,2.7E0);
#3676=TRIMMED_CURVE('626',#3675,(PARAMETER_VALUE(0.E0)),(PARAMETER_VALUE
(1.8E2)),.T.,.UNSPECIFIED.);
#3680=COMPOSITE_CURVE_SEGMENT(.CONTINUOUS.,.T.,#3676);
#3681=COMPOSITE_CURVE('620',(#3670,#3680),.F.);
#3686=CIRCLE('627',#3685,2.7E0);
#3687=TRIMMED_CURVE('627',#3686,(PARAMETER_VALUE(0.E0)),(PARAMETER_VALUE
(1.8E2)),.T.,.UNSPECIFIED.);
#3691=COMPOSITE_CURVE_SEGMENT(.CONTINUOUS.,.T.,#3687);
#3696=CIRCLE('628',#3695,2.7E0);
#3697=TRIMMED_CURVE('628',#3696,(PARAMETER_VALUE(0.E0)),(PARAMETER_VALUE
(1.8E2)),.T.,.UNSPECIFIED.);
#3701=COMPOSITE_CURVE_SEGMENT(.CONTINUOUS.,.T.,#3697);
#3702=COMPOSITE_CURVE('621',(#3691,#3701),.F.);
#3707=CIRCLE('629',#3706,2.7E0);
#3708=TRIMMED_CURVE('629',#3707,(PARAMETER_VALUE(0.E0)),(PARAMETER_VALUE
(1.8E2)),.T.,.UNSPECIFIED.);
#3712=COMPOSITE_CURVE_SEGMENT(.CONTINUOUS.,.T.,#3708);
#3717=CIRCLE('630',#3716,2.7E0);
#3718=TRIMMED_CURVE('630',#3717,(PARAMETER_VALUE(0.E0)),(PARAMETER_VALUE
(1.8E2)),.T.,.UNSPECIFIED.);
#3722=COMPOSITE_CURVE_SEGMENT(.CONTINUOUS.,.T.,#3718);
#3723=COMPOSITE_CURVE('622',(#3712,#3722),.F.);
#3728=TRIMMED_CURVE('A_11',#3727,(PARAMETER_VALUE(0.E0)),(PARAMETER_VALUE
(1.E0)),.T.,.UNSPECIFIED.);
#3736=TRIMMED_CURVE('A_12',#3735,(PARAMETER_VALUE(0.E0)),(PARAMETER_VALUE
(1.E0)),.T.,.UNSPECIFIED.);
#3744=TRIMMED_CURVE('A_13',#3743,(PARAMETER_VALUE(0.E0)),(PARAMETER_VALUE
(1.E0)),.T.,.UNSPECIFIED.);
#3752=TRIMMED_CURVE('A_14',#3751,(PARAMETER_VALUE(0.E0)),(PARAMETER_VALUE
(1.E0)),.T.,.UNSPECIFIED.);
#3760=TRIMMED_CURVE('1151',#3759,(PARAMETER_VALUE(0.E0)),(PARAMETER_VALUE
(1.E0)),.T.,.UNSPECIFIED.);
#3764=COMPOSITE_CURVE_SEGMENT(.CONTINUOUS.,.T.,#3760);
#3769=TRIMMED_CURVE('1152',#3768,(PARAMETER_VALUE(0.E0)),(PARAMETER_VALUE
(1.E0)),.T.,.UNSPECIFIED.);
#3773=COMPOSITE_CURVE_SEGMENT(.CONTINUOUS.,.T.,#3769);
#3778=TRIMMED_CURVE('1153',#3777,(PARAMETER_VALUE(0.E0)),(PARAMETER_VALUE
(1.E0)),.T.,.UNSPECIFIED.);
#3782=COMPOSITE_CURVE_SEGMENT(.CONTINUOUS.,.T.,#3778);
#3787=TRIMMED_CURVE('1154',#3786,(PARAMETER_VALUE(0.E0)),(PARAMETER_VALUE
(1.E0)),.T.,.UNSPECIFIED.);
#3791=COMPOSITE_CURVE_SEGMENT(.CONTINUOUS.,.T.,#3787);
#3792=COMPOSITE_CURVE('1150',(#3764,#3773,#3782,#3791),.F.);
#3797=CIRCLE('1073',#3796,1.5E0);
#3798=TRIMMED_CURVE('1073',#3797,(PARAMETER_VALUE(0.E0)),(PARAMETER_VALUE
(1.8E2)),.T.,.UNSPECIFIED.);
#3802=COMPOSITE_CURVE_SEGMENT(.CONTINUOUS.,.T.,#3798);
#3807=CIRCLE('1074',#3806,1.5E0);
#3808=TRIMMED_CURVE('1074',#3807,(PARAMETER_VALUE(0.E0)),(PARAMETER_VALUE
(1.8E2)),.T.,.UNSPECIFIED.);
#3812=COMPOSITE_CURVE_SEGMENT(.CONTINUOUS.,.T.,#3808);
#3813=COMPOSITE_CURVE('1067',(#3802,#3812),.F.);
#3818=CIRCLE('1075',#3817,1.5E0);
#3819=TRIMMED_CURVE('1075',#3818,(PARAMETER_VALUE(0.E0)),(PARAMETER_VALUE
(1.8E2)),.T.,.UNSPECIFIED.);
#3823=COMPOSITE_CURVE_SEGMENT(.CONTINUOUS.,.T.,#3819);
#3828=CIRCLE('1076',#3827,1.5E0);
#3829=TRIMMED_CURVE('1076',#3828,(PARAMETER_VALUE(0.E0)),(PARAMETER_VALUE
(1.8E2)),.T.,.UNSPECIFIED.);
#3833=COMPOSITE_CURVE_SEGMENT(.CONTINUOUS.,.T.,#3829);
#3834=COMPOSITE_CURVE('1068',(#3823,#3833),.F.);
#3839=CIRCLE('1077',#3838,1.5E0);
#3840=TRIMMED_CURVE('1077',#3839,(PARAMETER_VALUE(0.E0)),(PARAMETER_VALUE
(1.8E2)),.T.,.UNSPECIFIED.);
#3844=COMPOSITE_CURVE_SEGMENT(.CONTINUOUS.,.T.,#3840);
#3849=CIRCLE('1078',#3848,1.5E0);
#3850=TRIMMED_CURVE('1078',#3849,(PARAMETER_VALUE(0.E0)),(PARAMETER_VALUE
(1.8E2)),.T.,.UNSPECIFIED.);
#3854=COMPOSITE_CURVE_SEGMENT(.CONTINUOUS.,.T.,#3850);
#3855=COMPOSITE_CURVE('1069',(#3844,#3854),.F.);
#3860=CIRCLE('1079',#3859,1.5E0);
#3861=TRIMMED_CURVE('1079',#3860,(PARAMETER_VALUE(0.E0)),(PARAMETER_VALUE
(1.8E2)),.T.,.UNSPECIFIED.);
#3865=COMPOSITE_CURVE_SEGMENT(.CONTINUOUS.,.T.,#3861);
#3870=CIRCLE('1080',#3869,1.5E0);
#3871=TRIMMED_CURVE('1080',#3870,(PARAMETER_VALUE(0.E0)),(PARAMETER_VALUE
(1.8E2)),.T.,.UNSPECIFIED.);
#3875=COMPOSITE_CURVE_SEGMENT(.CONTINUOUS.,.T.,#3871);
#3876=COMPOSITE_CURVE('1070',(#3865,#3875),.F.);
#3881=TRIMMED_CURVE('A_29',#3880,(PARAMETER_VALUE(0.E0)),(PARAMETER_VALUE
(1.E0)),.T.,.UNSPECIFIED.);
#3889=TRIMMED_CURVE('A_30',#3888,(PARAMETER_VALUE(0.E0)),(PARAMETER_VALUE
(1.E0)),.T.,.UNSPECIFIED.);
#3897=TRIMMED_CURVE('A_31',#3896,(PARAMETER_VALUE(0.E0)),(PARAMETER_VALUE
(1.E0)),.T.,.UNSPECIFIED.);
#3905=TRIMMED_CURVE('A_32',#3904,(PARAMETER_VALUE(0.E0)),(PARAMETER_VALUE
(1.E0)),.T.,.UNSPECIFIED.);
#3913=TRIMMED_CURVE('A_33',#3912,(PARAMETER_VALUE(0.E0)),(PARAMETER_VALUE
(1.E0)),.T.,.UNSPECIFIED.);
#3921=CIRCLE('1099',#3920,2.7E0);
#3922=TRIMMED_CURVE('1099',#3921,(PARAMETER_VALUE(0.E0)),(PARAMETER_VALUE
(1.8E2)),.T.,.UNSPECIFIED.);
#3926=COMPOSITE_CURVE_SEGMENT(.CONTINUOUS.,.T.,#3922);
#3931=CIRCLE('1100',#3930,2.7E0);
#3932=TRIMMED_CURVE('1100',#3931,(PARAMETER_VALUE(0.E0)),(PARAMETER_VALUE
(1.8E2)),.T.,.UNSPECIFIED.);
#3936=COMPOSITE_CURVE_SEGMENT(.CONTINUOUS.,.T.,#3932);
#3937=COMPOSITE_CURVE('1095',(#3926,#3936),.F.);
#3942=CIRCLE('1101',#3941,2.7E0);
#3943=TRIMMED_CURVE('1101',#3942,(PARAMETER_VALUE(0.E0)),(PARAMETER_VALUE
(1.8E2)),.T.,.UNSPECIFIED.);
#3947=COMPOSITE_CURVE_SEGMENT(.CONTINUOUS.,.T.,#3943);
#3952=CIRCLE('1102',#3951,2.7E0);
#3953=TRIMMED_CURVE('1102',#3952,(PARAMETER_VALUE(0.E0)),(PARAMETER_VALUE
(1.8E2)),.T.,.UNSPECIFIED.);
#3957=COMPOSITE_CURVE_SEGMENT(.CONTINUOUS.,.T.,#3953);
#3958=COMPOSITE_CURVE('1096',(#3947,#3957),.F.);
#3963=CIRCLE('1103',#3962,2.7E0);
#3964=TRIMMED_CURVE('1103',#3963,(PARAMETER_VALUE(0.E0)),(PARAMETER_VALUE
(1.8E2)),.T.,.UNSPECIFIED.);
#3968=COMPOSITE_CURVE_SEGMENT(.CONTINUOUS.,.T.,#3964);
#3973=CIRCLE('1104',#3972,2.7E0);
#3974=TRIMMED_CURVE('1104',#3973,(PARAMETER_VALUE(0.E0)),(PARAMETER_VALUE
(1.8E2)),.T.,.UNSPECIFIED.);
#3978=COMPOSITE_CURVE_SEGMENT(.CONTINUOUS.,.T.,#3974);
#3979=COMPOSITE_CURVE('1097',(#3968,#3978),.F.);
#3984=CIRCLE('1105',#3983,2.7E0);
#3985=TRIMMED_CURVE('1105',#3984,(PARAMETER_VALUE(0.E0)),(PARAMETER_VALUE
(1.8E2)),.T.,.UNSPECIFIED.);
#3989=COMPOSITE_CURVE_SEGMENT(.CONTINUOUS.,.T.,#3985);
#3994=CIRCLE('1106',#3993,2.7E0);
#3995=TRIMMED_CURVE('1106',#3994,(PARAMETER_VALUE(0.E0)),(PARAMETER_VALUE
(1.8E2)),.T.,.UNSPECIFIED.);
#3999=COMPOSITE_CURVE_SEGMENT(.CONTINUOUS.,.T.,#3995);
#4000=COMPOSITE_CURVE('1098',(#3989,#3999),.F.);
#4005=TRIMMED_CURVE('A_34',#4004,(PARAMETER_VALUE(0.E0)),(PARAMETER_VALUE
(1.E0)),.T.,.UNSPECIFIED.);
#4013=TRIMMED_CURVE('A_35',#4012,(PARAMETER_VALUE(0.E0)),(PARAMETER_VALUE
(1.E0)),.T.,.UNSPECIFIED.);
#4021=TRIMMED_CURVE('A_36',#4020,(PARAMETER_VALUE(0.E0)),(PARAMETER_VALUE
(1.E0)),.T.,.UNSPECIFIED.);
#4029=TRIMMED_CURVE('A_37',#4028,(PARAMETER_VALUE(0.E0)),(PARAMETER_VALUE
(1.E0)),.T.,.UNSPECIFIED.);
#4037=TRIMMED_CURVE('1273',#4036,(PARAMETER_VALUE(0.E0)),(PARAMETER_VALUE
(1.E0)),.T.,.UNSPECIFIED.);
#4041=COMPOSITE_CURVE_SEGMENT(.CONTINUOUS.,.T.,#4037);
#4046=TRIMMED_CURVE('1274',#4045,(PARAMETER_VALUE(0.E0)),(PARAMETER_VALUE
(1.E0)),.T.,.UNSPECIFIED.);
#4050=COMPOSITE_CURVE_SEGMENT(.CONTINUOUS.,.T.,#4046);
#4055=TRIMMED_CURVE('1275',#4054,(PARAMETER_VALUE(0.E0)),(PARAMETER_VALUE
(1.E0)),.T.,.UNSPECIFIED.);
#4059=COMPOSITE_CURVE_SEGMENT(.CONTINUOUS.,.T.,#4055);
#4064=TRIMMED_CURVE('1276',#4063,(PARAMETER_VALUE(0.E0)),(PARAMETER_VALUE
(1.E0)),.T.,.UNSPECIFIED.);
#4068=COMPOSITE_CURVE_SEGMENT(.CONTINUOUS.,.T.,#4064);
#4069=COMPOSITE_CURVE('1269',(#4041,#4050,#4059,#4068),.F.);
#4075=TRIMMED_CURVE('A_38',#4074,(PARAMETER_VALUE(0.E0)),(PARAMETER_VALUE
(1.E0)),.T.,.UNSPECIFIED.);
#4083=TRIMMED_CURVE('A_39',#4082,(PARAMETER_VALUE(0.E0)),(PARAMETER_VALUE
(1.E0)),.T.,.UNSPECIFIED.);
#4091=TRIMMED_CURVE('A_40',#4090,(PARAMETER_VALUE(0.E0)),(PARAMETER_VALUE
(1.E0)),.T.,.UNSPECIFIED.);
#4099=TRIMMED_CURVE('A_41',#4098,(PARAMETER_VALUE(0.E0)),(PARAMETER_VALUE
(1.E0)),.T.,.UNSPECIFIED.);
#4107=CIRCLE('1679',#4106,1.6E0);
#4108=TRIMMED_CURVE('1679',#4107,(PARAMETER_VALUE(0.E0)),(PARAMETER_VALUE
(1.8E2)),.T.,.UNSPECIFIED.);
#4112=COMPOSITE_CURVE_SEGMENT(.CONTINUOUS.,.T.,#4108);
#4117=CIRCLE('1680',#4116,1.6E0);
#4118=TRIMMED_CURVE('1680',#4117,(PARAMETER_VALUE(0.E0)),(PARAMETER_VALUE
(1.8E2)),.T.,.UNSPECIFIED.);
#4122=COMPOSITE_CURVE_SEGMENT(.CONTINUOUS.,.T.,#4118);
#4123=COMPOSITE_CURVE('1675',(#4112,#4122),.F.);
#4128=CIRCLE('1681',#4127,1.6E0);
#4129=TRIMMED_CURVE('1681',#4128,(PARAMETER_VALUE(0.E0)),(PARAMETER_VALUE
(1.8E2)),.T.,.UNSPECIFIED.);
#4133=COMPOSITE_CURVE_SEGMENT(.CONTINUOUS.,.T.,#4129);
#4138=CIRCLE('1682',#4137,1.6E0);
#4139=TRIMMED_CURVE('1682',#4138,(PARAMETER_VALUE(0.E0)),(PARAMETER_VALUE
(1.8E2)),.T.,.UNSPECIFIED.);
#4143=COMPOSITE_CURVE_SEGMENT(.CONTINUOUS.,.T.,#4139);
#4144=COMPOSITE_CURVE('1676',(#4133,#4143),.F.);
#4149=CIRCLE('1683',#4148,1.6E0);
#4150=TRIMMED_CURVE('1683',#4149,(PARAMETER_VALUE(0.E0)),(PARAMETER_VALUE
(1.8E2)),.T.,.UNSPECIFIED.);
#4154=COMPOSITE_CURVE_SEGMENT(.CONTINUOUS.,.T.,#4150);
#4159=CIRCLE('1684',#4158,1.6E0);
#4160=TRIMMED_CURVE('1684',#4159,(PARAMETER_VALUE(0.E0)),(PARAMETER_VALUE
(1.8E2)),.T.,.UNSPECIFIED.);
#4164=COMPOSITE_CURVE_SEGMENT(.CONTINUOUS.,.T.,#4160);
#4165=COMPOSITE_CURVE('1677',(#4154,#4164),.F.);
#4170=CIRCLE('1685',#4169,1.6E0);
#4171=TRIMMED_CURVE('1685',#4170,(PARAMETER_VALUE(0.E0)),(PARAMETER_VALUE
(1.8E2)),.T.,.UNSPECIFIED.);
#4175=COMPOSITE_CURVE_SEGMENT(.CONTINUOUS.,.T.,#4171);
#4180=CIRCLE('1686',#4179,1.6E0);
#4181=TRIMMED_CURVE('1686',#4180,(PARAMETER_VALUE(0.E0)),(PARAMETER_VALUE
(1.8E2)),.T.,.UNSPECIFIED.);
#4185=COMPOSITE_CURVE_SEGMENT(.CONTINUOUS.,.T.,#4181);
#4186=COMPOSITE_CURVE('1678',(#4175,#4185),.F.);
#4191=TRIMMED_CURVE('A_42',#4190,(PARAMETER_VALUE(0.E0)),(PARAMETER_VALUE
(1.E0)),.T.,.UNSPECIFIED.);
#4199=TRIMMED_CURVE('A_43',#4198,(PARAMETER_VALUE(0.E0)),(PARAMETER_VALUE
(1.E0)),.T.,.UNSPECIFIED.);
#4207=TRIMMED_CURVE('A_44',#4206,(PARAMETER_VALUE(0.E0)),(PARAMETER_VALUE
(1.E0)),.T.,.UNSPECIFIED.);
#4215=TRIMMED_CURVE('A_45',#4214,(PARAMETER_VALUE(0.E0)),(PARAMETER_VALUE
(1.E0)),.T.,.UNSPECIFIED.);
#4229=(LENGTH_UNIT()NAMED_UNIT(*)SI_UNIT(.MILLI.,.METRE.));
#4230=(NAMED_UNIT(*)PLANE_ANGLE_UNIT()SI_UNIT($,.RADIAN.));
#4233=(NAMED_UNIT(*)SI_UNIT($,.STERADIAN.)SOLID_ANGLE_UNIT());
#4235=(GEOMETRIC_REPRESENTATION_CONTEXT(3)GLOBAL_UNCERTAINTY_ASSIGNED_CONTEXT((
#4234))GLOBAL_UNIT_ASSIGNED_CONTEXT((#4229,#4232,#4233))REPRESENTATION_CONTEXT(
'ID1','3'));
#4236=ADVANCED_BREP_SHAPE_REPRESENTATION('',(#3310),#4235);
#4237=GEOMETRICALLY_BOUNDED_WIREFRAME_SHAPE_REPRESENTATION('',(#3363),#4235);
#4238=CONSTRUCTIVE_GEOMETRY_REPRESENTATION('supplemental geometry',(#3315,#3320,
#3325,#3329,#3338,#3368,#3450,#3491,#3496,#3504,#3512,#3604,#3612,#3620,#3628,
#3636,#3728,#3736,#3744,#3752,#3881,#3889,#3897,#3905,#3913,#4005,#4013,#4021,
#4029,#4070,#4075,#4083,#4091,#4099,#4191,#4199,#4207,#4215),#4235);
#4242=AXIS2_PLACEMENT_3D('',#4239,#4240,#4241);
#4243=SHAPE_REPRESENTATION('',(#4242),#4235);
#4254=PRODUCT_DEFINITION('design','',#4253,#4250);
#4255=PRODUCT_DEFINITION_SHAPE('','SHAPE FOR PRT0001.',#4254);
#4256=SHAPE_ASPECT('','solid data associated with PRT0001',#4255,.F.);
#4257=PROPERTY_DEFINITION('',
'shape for solid data with which properties are associated',#4256);
#4258=SHAPE_REPRESENTATION('',(#3310),#4235);
#4259=SHAPE_DEFINITION_REPRESENTATION(#4257,#4258);
#4260=(LENGTH_UNIT()NAMED_UNIT(*)SI_UNIT(.MILLI.,.METRE.));
#4262=(MASS_UNIT()NAMED_UNIT(*)SI_UNIT(.KILO.,.GRAM.));
#4266=PROPERTY_DEFINITION('material_property','density',#4256);
#4267=REPRESENTATION('density',(#4265),#4235);
#4268=PROPERTY_DEFINITION_REPRESENTATION(#4266,#4267);
#4270=PROPERTY_DEFINITION('material property','material name',#4256);
#4271=REPRESENTATION('material name',(#4269),#4235);
#4272=PROPERTY_DEFINITION_REPRESENTATION(#4270,#4271);
#4273=SHAPE_ASPECT('','solid data associated with PRT0001',#4255,.F.);
#4274=PROPERTY_DEFINITION('',
'shape for solid data with which properties are associated',#4273);
#4275=SHAPE_REPRESENTATION('',(#3310),#4235);
#4276=SHAPE_DEFINITION_REPRESENTATION(#4274,#4275);
#4277=(LENGTH_UNIT()NAMED_UNIT(*)SI_UNIT(.MILLI.,.METRE.));
#4281=PROPERTY_DEFINITION('geometric validation property','area of PRT0001',
#4273);
#4282=REPRESENTATION('surface area',(#4280),#4235);
#4283=PROPERTY_DEFINITION_REPRESENTATION(#4281,#4282);
#4284=(LENGTH_UNIT()NAMED_UNIT(*)SI_UNIT(.MILLI.,.METRE.));
#4288=PROPERTY_DEFINITION('geometric validation property','volume of PRT0001',
#4273);
#4289=REPRESENTATION('volume',(#4287),#4235);
#4290=PROPERTY_DEFINITION_REPRESENTATION(#4288,#4289);
#4292=PROPERTY_DEFINITION('geometric validation property','centroid of PRT0001',
#4273);
#4293=REPRESENTATION('centroid',(#4291),#4235);
#4294=PROPERTY_DEFINITION_REPRESENTATION(#4292,#4293);
#4295=(LENGTH_UNIT()NAMED_UNIT(*)SI_UNIT(.MILLI.,.METRE.));
#4299=PROPERTY_DEFINITION('geometric validation property','area of PRT0001',
#4255);
#4300=REPRESENTATION('surface area',(#4298),#4235);
#4301=PROPERTY_DEFINITION_REPRESENTATION(#4299,#4300);
#4302=(LENGTH_UNIT()NAMED_UNIT(*)SI_UNIT(.MILLI.,.METRE.));
#4306=PROPERTY_DEFINITION('geometric validation property','volume of PRT0001',
#4255);
#4307=REPRESENTATION('volume',(#4305),#4235);
#4308=PROPERTY_DEFINITION_REPRESENTATION(#4306,#4307);
#4310=PROPERTY_DEFINITION('geometric validation property','centroid of PRT0001',
#4255);
#4311=REPRESENTATION('centroid',(#4309),#4235);
#4312=PROPERTY_DEFINITION_REPRESENTATION(#4310,#4311);
#4316=PRODUCT_DEFINITION('design','',#4315,#4250);
#4317=MAKE_FROM_USAGE_OPTION('Assign material STAHL_ALLGEMEIN to PRT0001',
'make from','',#4254,#4316,1,'',#4320);
#4321=(LENGTH_UNIT()NAMED_UNIT(*)SI_UNIT(.MILLI.,.METRE.));
#4323=(MASS_UNIT()NAMED_UNIT(*)SI_UNIT(.KILO.,.GRAM.));
#4327=PROPERTY_DEFINITION('material_property','density',#4316);
#4328=REPRESENTATION('density',(#4326),#4235);
#4329=PROPERTY_DEFINITION_REPRESENTATION(#4327,#4328);
#4330=SHAPE_DEFINITION_REPRESENTATION(#4255,#4243);
#4331=SHAPE_ASPECT('Dimension ad91','Linear Dimension',#4255,.T.);
#4334=SHAPE_DIMENSION_REPRESENTATION('',(#4333),#4235);
#4335=SYMMETRIC_SHAPE_ASPECT('','',#4255,.T.);
#4336=CENTRE_OF_SYMMETRY('','',#4255,.T.);
#4338=SHAPE_ASPECT('','',#4255,.T.);
#4350=COLOUR_RGB('',5.E-1,5.E-1,5.E-1);
#4423=POLYLINE('',(#4358,#4359,#4360,#4361,#4362,#4363,#4364,#4365,#4366,#4367,
#4368,#4369,#4370,#4371,#4372,#4373,#4374,#4375,#4376,#4377,#4378,#4379,#4380,
#4381,#4382,#4383,#4384,#4385,#4386,#4387,#4388,#4389,#4390,#4391,#4392,#4393,
#4394,#4395,#4396,#4397,#4398,#4399,#4400,#4401,#4402,#4403,#4404,#4405,#4406,
#4407,#4408,#4409,#4410,#4411,#4412,#4413,#4414,#4415,#4416,#4417,#4418,#4419,
#4420,#4421,#4422));
#4489=POLYLINE('',(#4424,#4425,#4426,#4427,#4428,#4429,#4430,#4431,#4432,#4433,
#4434,#4435,#4436,#4437,#4438,#4439,#4440,#4441,#4442,#4443,#4444,#4445,#4446,
#4447,#4448,#4449,#4450,#4451,#4452,#4453,#4454,#4455,#4456,#4457,#4458,#4459,
#4460,#4461,#4462,#4463,#4464,#4465,#4466,#4467,#4468,#4469,#4470,#4471,#4472,
#4473,#4474,#4475,#4476,#4477,#4478,#4479,#4480,#4481,#4482,#4483,#4484,#4485,
#4486,#4487,#4488));
#4492=POLYLINE('',(#4490,#4491));
#4495=POLYLINE('',(#4493,#4494));
#4498=POLYLINE('',(#4496,#4497));
#4499=GEOMETRIC_CURVE_SET('linear dimension',(#4423,#4489,#4492,#4495,#4498));
#4505=POLYLINE('',(#4503,#4504));
#4508=POLYLINE('',(#4506,#4507));
#4509=GEOMETRIC_CURVE_SET('linear dimension',(#4505,#4508));
#4514=DRAUGHTING_MODEL_ITEM_ASSOCIATION('','',#4339,#4349,#4502);
#4515=GEOMETRIC_ITEM_SPECIFIC_USAGE('','',#4336,#4236,#449);
#4516=GEOMETRIC_ITEM_SPECIFIC_USAGE('','',#4335,#4236,#2139);
#4517=DRAUGHTING_MODEL_ITEM_ASSOCIATION('','',#4336,#4349,#4502);
#4518=GEOMETRIC_ITEM_SPECIFIC_USAGE('','',#4338,#4236,#2116);
#4519=DRAUGHTING_MODEL_ITEM_ASSOCIATION('','',#4338,#4349,#4502);
#4520=SHAPE_ASPECT('','aspect to capture model element for association',#4255,
.T.);
#4521=SHAPE_ASPECT('','aspect to capture model element for association',#4255,
.T.);
#4522=GEOMETRIC_ITEM_SPECIFIC_USAGE('','',#4331,#4236,#2139);
#4523=DRAUGHTING_MODEL_ITEM_ASSOCIATION('','',#4331,#4349,#4502);
#4524=GEOMETRIC_ITEM_SPECIFIC_USAGE('','',#4331,#4236,#2116);
#4525=DRAUGHTING_MODEL_ITEM_ASSOCIATION('','',#4331,#4349,#4502);
#4526=GEOMETRIC_ITEM_SPECIFIC_USAGE('','',#4331,#4236,#2139);
#4527=DRAUGHTING_MODEL_ITEM_ASSOCIATION('','',#4331,#4349,#4502);
#4528=GEOMETRIC_ITEM_SPECIFIC_USAGE('','',#4331,#4236,#2116);
#4529=DRAUGHTING_MODEL_ITEM_ASSOCIATION('','',#4331,#4349,#4502);
#4530=SHAPE_ASPECT('Dimension ad97','Linear Dimension',#4255,.T.);
#4533=SHAPE_DIMENSION_REPRESENTATION('',(#4532),#4235);
#4534=SHAPE_ASPECT('','',#4255,.T.);
#4535=SHAPE_ASPECT('','',#4255,.T.);
#4607=POLYLINE('',(#4545,#4546,#4547,#4548,#4549,#4550,#4551,#4552,#4553,#4554,
#4555,#4556,#4557,#4558,#4559,#4560,#4561,#4562,#4563,#4564,#4565,#4566,#4567,
#4568,#4569,#4570,#4571,#4572,#4573,#4574,#4575,#4576,#4577,#4578,#4579,#4580,
#4581,#4582,#4583,#4584,#4585,#4586,#4587,#4588,#4589,#4590,#4591,#4592,#4593,
#4594,#4595,#4596,#4597,#4598,#4599,#4600,#4601,#4602,#4603,#4604,#4605,#4606));
#4725=POLYLINE('',(#4608,#4609,#4610,#4611,#4612,#4613,#4614,#4615,#4616,#4617,
#4618,#4619,#4620,#4621,#4622,#4623,#4624,#4625,#4626,#4627,#4628,#4629,#4630,
#4631,#4632,#4633,#4634,#4635,#4636,#4637,#4638,#4639,#4640,#4641,#4642,#4643,
#4644,#4645,#4646,#4647,#4648,#4649,#4650,#4651,#4652,#4653,#4654,#4655,#4656,
#4657,#4658,#4659,#4660,#4661,#4662,#4663,#4664,#4665,#4666,#4667,#4668,#4669,
#4670,#4671,#4672,#4673,#4674,#4675,#4676,#4677,#4678,#4679,#4680,#4681,#4682,
#4683,#4684,#4685,#4686,#4687,#4688,#4689,#4690,#4691,#4692,#4693,#4694,#4695,
#4696,#4697,#4698,#4699,#4700,#4701,#4702,#4703,#4704,#4705,#4706,#4707,#4708,
#4709,#4710,#4711,#4712,#4713,#4714,#4715,#4716,#4717,#4718,#4719,#4720,#4721,
#4722,#4723,#4724));
#4730=POLYLINE('',(#4726,#4727,#4728,#4729));
#4735=POLYLINE('',(#4731,#4732,#4733,#4734));
#4738=POLYLINE('',(#4736,#4737));
#4741=POLYLINE('',(#4739,#4740));
#4744=POLYLINE('',(#4742,#4743));
#4747=POLYLINE('',(#4745,#4746));
#4750=POLYLINE('',(#4748,#4749));
#4751=GEOMETRIC_CURVE_SET('linear dimension',(#4607,#4725,#4730,#4735,#4738,
#4741,#4744,#4747,#4750));
#4755=DRAUGHTING_MODEL_ITEM_ASSOCIATION('','',#4536,#4349,#4754);
#4756=GEOMETRIC_ITEM_SPECIFIC_USAGE('','',#4534,#4236,#2116);
#4757=DRAUGHTING_MODEL_ITEM_ASSOCIATION('','',#4534,#4349,#4754);
#4758=GEOMETRIC_ITEM_SPECIFIC_USAGE('','',#4535,#4236,#2141);
#4759=DRAUGHTING_MODEL_ITEM_ASSOCIATION('','',#4535,#4349,#4754);
#4760=SHAPE_ASPECT('','aspect to capture model element for association',#4255,
.T.);
#4761=SHAPE_ASPECT('','aspect to capture model element for association',#4255,
.T.);
#4762=GEOMETRIC_ITEM_SPECIFIC_USAGE('','',#4530,#4236,#2116);
#4763=DRAUGHTING_MODEL_ITEM_ASSOCIATION('','',#4530,#4349,#4754);
#4764=GEOMETRIC_ITEM_SPECIFIC_USAGE('','',#4530,#4236,#2141);
#4765=DRAUGHTING_MODEL_ITEM_ASSOCIATION('','',#4530,#4349,#4754);
#4766=GEOMETRIC_ITEM_SPECIFIC_USAGE('','',#4530,#4236,#2116);
#4767=DRAUGHTING_MODEL_ITEM_ASSOCIATION('','',#4530,#4349,#4754);
#4783=PLANAR_BOX('',1.367173442987E2,1.153552592521E2,#4782);
#4790=PROPERTY_DEFINITION('CAD_APPROVED_BY','user defined attribute',#4316);
#4794=REPRESENTATION('',(#4793),#4235);
#4795=PROPERTY_DEFINITION_REPRESENTATION(#4790,#4794);
#4796=PROPERTY_DEFINITION('CAD_APPROVED_ON','user defined attribute',#4316);
#4800=REPRESENTATION('',(#4799),#4235);
#4801=PROPERTY_DEFINITION_REPRESENTATION(#4796,#4800);
#4802=PROPERTY_DEFINITION('CAD_CHANGE_NO','user defined attribute',#4316);
#4806=REPRESENTATION('',(#4805),#4235);
#4807=PROPERTY_DEFINITION_REPRESENTATION(#4802,#4806);
#4808=PROPERTY_DEFINITION('CAD_CHANGE_TEXT','user defined attribute',#4316);
#4812=REPRESENTATION('',(#4811),#4235);
#4813=PROPERTY_DEFINITION_REPRESENTATION(#4808,#4812);
#4814=PROPERTY_DEFINITION('CAD_CREATED_BY','user defined attribute',#4316);
#4818=REPRESENTATION('',(#4817),#4235);
#4819=PROPERTY_DEFINITION_REPRESENTATION(#4814,#4818);
#4820=PROPERTY_DEFINITION('CAD_CREATED_ON','user defined attribute',#4316);
#4824=REPRESENTATION('',(#4823),#4235);
#4825=PROPERTY_DEFINITION_REPRESENTATION(#4820,#4824);
#4826=PROPERTY_DEFINITION('CAD_LIFECYCLE_STATE','user defined attribute',#4316);
#4830=REPRESENTATION('',(#4829),#4235);
#4831=PROPERTY_DEFINITION_REPRESENTATION(#4826,#4830);
#4832=PROPERTY_DEFINITION('CAD_MODIFIED_BY','user defined attribute',#4316);
#4836=REPRESENTATION('',(#4835),#4235);
#4837=PROPERTY_DEFINITION_REPRESENTATION(#4832,#4836);
#4838=PROPERTY_DEFINITION('CAD_MODIFIED_ON','user defined attribute',#4316);
#4842=REPRESENTATION('',(#4841),#4235);
#4843=PROPERTY_DEFINITION_REPRESENTATION(#4838,#4842);
#4844=PROPERTY_DEFINITION('CAD_REVISION','user defined attribute',#4316);
#4848=REPRESENTATION('',(#4847),#4235);
#4849=PROPERTY_DEFINITION_REPRESENTATION(#4844,#4848);
#4850=PROPERTY_DEFINITION('DEPARTMENT','user defined attribute',#4316);
#4854=REPRESENTATION('',(#4853),#4235);
#4855=PROPERTY_DEFINITION_REPRESENTATION(#4850,#4854);
#4856=PROPERTY_DEFINITION('DESCRIPTION_1_DE','user defined attribute',#4316);
#4860=REPRESENTATION('',(#4859),#4235);
#4861=PROPERTY_DEFINITION_REPRESENTATION(#4856,#4860);
#4862=PROPERTY_DEFINITION('DESCRIPTION_1_EN','user defined attribute',#4316);
#4866=REPRESENTATION('',(#4865),#4235);
#4867=PROPERTY_DEFINITION_REPRESENTATION(#4862,#4866);
#4868=PROPERTY_DEFINITION('DESCRIPTION_2_DE','user defined attribute',#4316);
#4872=REPRESENTATION('',(#4871),#4235);
#4873=PROPERTY_DEFINITION_REPRESENTATION(#4868,#4872);
#4874=PROPERTY_DEFINITION('DESCRIPTION_2_EN','user defined attribute',#4316);
#4878=REPRESENTATION('',(#4877),#4235);
#4879=PROPERTY_DEFINITION_REPRESENTATION(#4874,#4878);
#4880=PROPERTY_DEFINITION('DRAWING_NO','user defined attribute',#4316);
#4884=REPRESENTATION('',(#4883),#4235);
#4885=PROPERTY_DEFINITION_REPRESENTATION(#4880,#4884);
#4886=PROPERTY_DEFINITION('MC_CHECKTYPE','user defined attribute',#4316);
#4890=REPRESENTATION('',(#4889),#4235);
#4891=PROPERTY_DEFINITION_REPRESENTATION(#4886,#4890);
#4892=PROPERTY_DEFINITION('COATING','user defined attribute',#4316);
#4896=REPRESENTATION('',(#4895),#4235);
#4897=PROPERTY_DEFINITION_REPRESENTATION(#4892,#4896);
#4898=PROPERTY_DEFINITION('COLORING','user defined attribute',#4316);
#4902=REPRESENTATION('',(#4901),#4235);
#4903=PROPERTY_DEFINITION_REPRESENTATION(#4898,#4902);
#4904=PROPERTY_DEFINITION('DESC_SEMIFINISHED','user defined attribute',#4316);
#4908=REPRESENTATION('',(#4907),#4235);
#4909=PROPERTY_DEFINITION_REPRESENTATION(#4904,#4908);
#4910=PROPERTY_DEFINITION('DIMENSION','user defined attribute',#4316);
#4914=REPRESENTATION('',(#4913),#4235);
#4915=PROPERTY_DEFINITION_REPRESENTATION(#4910,#4914);
#4916=PROPERTY_DEFINITION('HARDNESS','user defined attribute',#4316);
#4920=REPRESENTATION('',(#4919),#4235);
#4921=PROPERTY_DEFINITION_REPRESENTATION(#4916,#4920);
#4922=PROPERTY_DEFINITION('MASS','user defined attribute',#4316);
#4926=REPRESENTATION('',(#4925),#4235);
#4927=PROPERTY_DEFINITION_REPRESENTATION(#4922,#4926);
#4928=PROPERTY_DEFINITION('MATERIAL','user defined attribute',#4316);
#4932=REPRESENTATION('',(#4931),#4235);
#4933=PROPERTY_DEFINITION_REPRESENTATION(#4928,#4932);
#4934=PROPERTY_DEFINITION('PART_NO','user defined attribute',#4316);
#4938=REPRESENTATION('',(#4937),#4235);
#4939=PROPERTY_DEFINITION_REPRESENTATION(#4934,#4938);
#4940=PROPERTY_DEFINITION('PART_NO_SEMIFINISHED','user defined attribute',
#4316);
#4944=REPRESENTATION('',(#4943),#4235);
#4945=PROPERTY_DEFINITION_REPRESENTATION(#4940,#4944);
#4946=PROPERTY_DEFINITION('STANDARD','user defined attribute',#4316);
#4950=REPRESENTATION('',(#4949),#4235);
#4951=PROPERTY_DEFINITION_REPRESENTATION(#4946,#4950);
#4952=PROPERTY_DEFINITION('STANDARD_DIMENSION','user defined attribute',#4316);
#4956=REPRESENTATION('',(#4955),#4235);
#4957=PROPERTY_DEFINITION_REPRESENTATION(#4952,#4956);
#4958=PROPERTY_DEFINITION('STANDARD_EDGE','user defined attribute',#4316);
#4962=REPRESENTATION('',(#4961),#4235);
#4963=PROPERTY_DEFINITION_REPRESENTATION(#4958,#4962);
#4964=PROPERTY_DEFINITION('STANDARD_INFO_DE','user defined attribute',#4316);
#4968=REPRESENTATION('',(#4967),#4235);
#4969=PROPERTY_DEFINITION_REPRESENTATION(#4964,#4968);
#4970=PROPERTY_DEFINITION('STANDARD_INFO_EN','user defined attribute',#4316);
#4974=REPRESENTATION('',(#4973),#4235);
#4975=PROPERTY_DEFINITION_REPRESENTATION(#4970,#4974);
#4976=PROPERTY_DEFINITION('STANDARD_SURFACE','user defined attribute',#4316);
#4980=REPRESENTATION('',(#4979),#4235);
#4981=PROPERTY_DEFINITION_REPRESENTATION(#4976,#4980);
#4982=PROPERTY_DEFINITION('STANDARD_TOL_CLASS','user defined attribute',#4316);
#4986=REPRESENTATION('',(#4985),#4235);
#4987=PROPERTY_DEFINITION_REPRESENTATION(#4982,#4986);
#4988=PROPERTY_DEFINITION('SUPPLIER','user defined attribute',#4316);
#4992=REPRESENTATION('',(#4991),#4235);
#4993=PROPERTY_DEFINITION_REPRESENTATION(#4988,#4992);
#4994=PROPERTY_DEFINITION('CLASSIFICATION','user defined attribute',#4316);
#4998=REPRESENTATION('',(#4997),#4235);
#4999=PROPERTY_DEFINITION_REPRESENTATION(#4994,#4998);
#5000=PROPERTY_DEFINITION('CATEGORY','user defined attribute',#4316);
#5004=REPRESENTATION('',(#5003),#4235);
#5005=PROPERTY_DEFINITION_REPRESENTATION(#5000,#5004);
#5006=PROPERTY_DEFINITION('PROJECT','user defined attribute',#4316);
#5010=REPRESENTATION('',(#5009),#4235);
#5011=PROPERTY_DEFINITION_REPRESENTATION(#5006,#5010);
#5012=PROPERTY_DEFINITION('PROJECT_NO','user defined attribute',#4316);
#5016=REPRESENTATION('',(#5015),#4235);
#5017=PROPERTY_DEFINITION_REPRESENTATION(#5012,#5016);
#5018=PROPERTY_DEFINITION('ORDER_CODE','user defined attribute',#4316);
#5022=REPRESENTATION('',(#5021),#4235);
#5023=PROPERTY_DEFINITION_REPRESENTATION(#5018,#5022);
#5024=PROPERTY_DEFINITION('STANDARD_WELDING','user defined attribute',#4316);
#5028=REPRESENTATION('',(#5027),#4235);
#5029=PROPERTY_DEFINITION_REPRESENTATION(#5024,#5028);
#5030=PROPERTY_DEFINITION('CUSTOMER','user defined attribute',#4316);
#5034=REPRESENTATION('',(#5033),#4235);
#5035=PROPERTY_DEFINITION_REPRESENTATION(#5030,#5034);
#5036=PROPERTY_DEFINITION('HEAT_TREATMENT','user defined attribute',#4316);
#5040=REPRESENTATION('',(#5039),#4235);
#5041=PROPERTY_DEFINITION_REPRESENTATION(#5036,#5040);
#5042=PROPERTY_DEFINITION('PTC_COMMON_NAME','user defined attribute',#4316);
#5046=REPRESENTATION('',(#5045),#4235);
#5047=PROPERTY_DEFINITION_REPRESENTATION(#5042,#5046);
#5048=PROPERTY_DEFINITION('PTC_MASTER_MATERIAL','user defined attribute',#4316);
#5052=REPRESENTATION('',(#5051),#4235);
#5053=PROPERTY_DEFINITION_REPRESENTATION(#5048,#5052);
ENDSEC;
END-ISO-10303-21;
